{
  "ci95": [
    -0.029049124903244516,
    -0.01277177541163483
  ],
  "delta": -0.020900094313492348,
  "metric": "ndcg@10",
  "num_requests": 4110,
  "request_ids_path": "systems/04_prefix_delta_lm/protocol/no_history_request_ids.txt",
  "samples": 10000,
  "seed": 20260708,
  "significant_a_gt_b": false
}
