{
  "ci95": [
    -0.09306051824877676,
    -0.07309146956129796
  ],
  "delta": -0.08298478956053557,
  "metric": "ndcg@10",
  "num_requests": 3442,
  "request_ids_path": "systems/04_prefix_delta_lm/protocol/repeat_present_request_ids.txt",
  "samples": 10000,
  "seed": 20260708,
  "significant_a_gt_b": false
}
