{
  "ci95": [
    -0.0012303526234179643,
    0.009751912181435451
  ],
  "delta": 0.004119135621533548,
  "metric": "ndcg@10",
  "num_requests": 12229,
  "samples": 10000,
  "seed": 20260708,
  "significant_a_gt_b": false
}
