{
  "ci95": [
    -0.001388935665635505,
    0.0029174372050885127
  ],
  "delta": 0.0007704799636708616,
  "metric": "ndcg@10",
  "num_requests": 8119,
  "request_ids_path": "artifacts/analysis/c3_history_identity_controls/history_present_request_ids.txt",
  "samples": 10000,
  "seed": 20260708,
  "significant_a_gt_b": false
}
