{
  "ci95": [
    0.030768523577845593,
    0.04040777891130545
  ],
  "delta": 0.03557048929320002,
  "metric": "ndcg@10",
  "num_requests": 8119,
  "request_ids_path": "artifacts/analysis/c3_history_identity_controls/history_present_request_ids.txt",
  "samples": 10000,
  "seed": 20260708,
  "significant_a_gt_b": true
}
