{
  "ci95": [
    -0.00347524983184073,
    0.003442675441301492
  ],
  "delta": -2.8203846972088483e-05,
  "metric": "ndcg@10",
  "num_requests": 8119,
  "request_ids_path": "artifacts/analysis/c5r_temporal_symmetric_identity/history_present_request_ids.txt",
  "samples": 10000,
  "seed": 20260708,
  "significant_a_gt_b": false
}
