{
  "ci95": [
    0.006174956012583013,
    0.01233631957309662
  ],
  "delta": 0.009232381631562408,
  "metric": "ndcg@10",
  "num_requests": 12229,
  "samples": 10000,
  "seed": 20260708,
  "significant_a_gt_b": true
}
