{
  "ci95": [
    -0.021043284512808014,
    -0.010868972023830765
  ],
  "delta": -0.015943989561340792,
  "metric": "ndcg@10",
  "num_requests": 12229,
  "samples": 10000,
  "seed": 20260708,
  "significant_a_gt_b": false
}
