{
  "ci95": [
    -0.0008792342695282288,
    0.0019568676058708168
  ],
  "delta": 0.0005115321633039271,
  "metric": "ndcg@10",
  "num_requests": 12229,
  "samples": 10000,
  "seed": 20260708,
  "significant_a_gt_b": false
}
