{
  "ci95": [
    0.010943951868142069,
    0.019765915700188975
  ],
  "delta": 0.015314912695580675,
  "metric": "ndcg@10",
  "num_requests": 12229,
  "samples": 10000,
  "seed": 20260708,
  "significant_a_gt_b": true
}
