{
  "ci95": [
    -0.038248164538922616,
    -0.027557181926368246
  ],
  "delta": -0.03294316725157026,
  "metric": "ndcg@10",
  "num_requests": 12229,
  "samples": 10000,
  "seed": 20260708,
  "significant_a_gt_b": false
}
