{
  "ci95": [
    -0.04122478673455589,
    -0.030279813172780112
  ],
  "delta": -0.035758104603582336,
  "metric": "ndcg@10",
  "num_requests": 12229,
  "samples": 10000,
  "seed": 20260708,
  "significant_a_gt_b": false
}
