{
  "ci95": [
    -0.000806206513937069,
    0.018851929936454133
  ],
  "delta": 0.009061747758785212,
  "metric": "ndcg@10",
  "num_requests": 1063,
  "request_ids_path": "artifacts/analysis/c5r_temporal_symmetric_identity/same_query_freshness_balanced_all_seeds_request_ids.txt",
  "samples": 10000,
  "seed": 20260708,
  "significant_a_gt_b": false
}
