{
  "ci95": [
    0.012132176781934133,
    0.021085096585088503
  ],
  "delta": 0.016610723212117828,
  "metric": "ndcg@10",
  "num_requests": 12229,
  "samples": 10000,
  "seed": 20260708,
  "significant_a_gt_b": true
}
