{
  "ci95": [
    0.03390716445445684,
    0.044443861461736706
  ],
  "delta": 0.039163062100851936,
  "metric": "ndcg@10",
  "num_requests": 8119,
  "request_ids_path": "artifacts/analysis/c3_history_identity_controls/history_present_request_ids.txt",
  "samples": 10000,
  "seed": 20260708,
  "significant_a_gt_b": true
}
