{
  "ci95": [
    -0.04296184572812733,
    -0.031685226561181896
  ],
  "delta": -0.03746201770277573,
  "metric": "ndcg@10",
  "num_requests": 12229,
  "samples": 10000,
  "seed": 20260708,
  "significant_a_gt_b": false
}
