{
  "ci95": [
    0.02848880443545206,
    0.03580192755318337
  ],
  "delta": 0.03213999878865582,
  "metric": "ndcg@10",
  "num_requests": 8119,
  "request_ids_path": "artifacts/analysis/c5r_temporal_symmetric_identity/history_present_request_ids.txt",
  "samples": 10000,
  "seed": 20260708,
  "significant_a_gt_b": true
}
