{
  "ci95": [
    -0.013153455092722933,
    -0.002288103262558556
  ],
  "delta": -0.0077806219711571666,
  "metric": "ndcg@10",
  "num_requests": 12229,
  "samples": 10000,
  "seed": 20260708,
  "significant_a_gt_b": false
}
