{
  "ci95": [
    -0.002758604202724481,
    0.004344404980257173
  ],
  "delta": 0.0009070101735676879,
  "metric": "ndcg@10",
  "num_requests": 12229,
  "samples": 10000,
  "seed": 20267004,
  "significant_a_gt_b": false
}
