{
  "ci95": [
    -0.0005093469383596044,
    0.0010361430095979709
  ],
  "delta": 0.0002695560649187186,
  "metric": "ndcg@10",
  "num_requests": 12229,
  "samples": 10000,
  "seed": 20260708,
  "significant_a_gt_b": false
}
