{
  "ci95": [
    0.009320464599110604,
    0.018144424768096
  ],
  "delta": 0.01369845868825904,
  "metric": "ndcg@10",
  "num_requests": 12229,
  "samples": 10000,
  "seed": 20260708,
  "significant_a_gt_b": true
}
