{
  "ci95": [
    -0.020526775715425626,
    -0.010380354196148633
  ],
  "delta": -0.015444032396112091,
  "metric": "ndcg@10",
  "num_requests": 12229,
  "samples": 10000,
  "seed": 20260708,
  "significant_a_gt_b": false
}
