{
  "ci95": [
    0.011337395947458296,
    0.021738285440639563
  ],
  "delta": 0.016463411811116525,
  "metric": "ndcg@10",
  "num_requests": 12229,
  "samples": 10000,
  "seed": 20260708,
  "significant_a_gt_b": true
}
