{
  "ci95": [
    0.03242097176772089,
    0.0422274130965678
  ],
  "delta": 0.03733694676625113,
  "metric": "ndcg@10",
  "num_requests": 8119,
  "request_ids_path": "artifacts/analysis/c5r_temporal_symmetric_identity/history_present_request_ids.txt",
  "samples": 10000,
  "seed": 20260708,
  "significant_a_gt_b": true
}
