{
  "ci95": [
    0.023060807637490244,
    0.03214286580334463
  ],
  "delta": 0.027596938701226214,
  "metric": "ndcg@10",
  "num_requests": 12229,
  "samples": 10000,
  "seed": 20260708,
  "significant_a_gt_b": true
}
