{
  "ci95": [
    -0.0028951352122476735,
    0.004048903775385607
  ],
  "delta": 0.0005940913161763098,
  "metric": "ndcg@10",
  "num_requests": 8119,
  "request_ids_path": "artifacts/analysis/c5r_temporal_symmetric_identity/history_present_request_ids.txt",
  "samples": 10000,
  "seed": 20260708,
  "significant_a_gt_b": false
}
