{
  "ci95": [
    -0.0010507024008652322,
    5.345772756747082e-05
  ],
  "delta": -0.0004992843531398863,
  "metric": "ndcg@10",
  "num_requests": 8119,
  "request_ids_path": "artifacts/analysis/c3_history_identity_controls/history_present_request_ids.txt",
  "samples": 10000,
  "seed": 20260708,
  "significant_a_gt_b": false
}
