{
  "ci95": [
    -0.02719246325798077,
    -0.01622273151825262
  ],
  "delta": -0.02174538943818183,
  "metric": "ndcg@10",
  "num_requests": 12229,
  "samples": 10000,
  "seed": 20260708,
  "significant_a_gt_b": false
}
