{
  "ci95": [
    -0.002672020670246397,
    0.008152713454405209
  ],
  "delta": 0.0026897503431682576,
  "metric": "ndcg@10",
  "num_requests": 12229,
  "samples": 10000,
  "seed": 20260708,
  "significant_a_gt_b": false
}
