{
  "ci95": [
    -0.01787557688850416,
    -0.007167289848825916
  ],
  "delta": -0.012407192829056867,
  "metric": "ndcg@10",
  "num_requests": 12229,
  "samples": 10000,
  "seed": 20260708,
  "significant_a_gt_b": false
}
