{
  "ci95": [
    0.007224561593793752,
    0.014771061085675281
  ],
  "delta": 0.010986215489108388,
  "metric": "ndcg@10",
  "num_requests": 12229,
  "samples": 10000,
  "seed": 20260708,
  "significant_a_gt_b": true
}
