{
  "ci95": [
    -0.002162305020916428,
    0.002100661280017461
  ],
  "delta": -1.743449334424859e-05,
  "metric": "ndcg@10",
  "num_requests": 8119,
  "request_ids_path": "artifacts/analysis/c3_history_identity_controls/history_present_request_ids.txt",
  "samples": 10000,
  "seed": 20260708,
  "significant_a_gt_b": false
}
