{
  "ci95": [
    0.0025385514055856085,
    0.01275537666284255
  ],
  "delta": 0.007616380913318776,
  "metric": "ndcg@10",
  "num_requests": 12229,
  "samples": 10000,
  "seed": 20260708,
  "significant_a_gt_b": true
}
