{
  "ci95": [
    0.011636228363981886,
    0.02203078050811653
  ],
  "delta": 0.01674431729731855,
  "metric": "ndcg@10",
  "num_requests": 12229,
  "samples": 10000,
  "seed": 20260708,
  "significant_a_gt_b": true
}
