{
  "ci95": [
    -0.0024890587111011235,
    0.008331855139071238
  ],
  "delta": 0.0028283712753886326,
  "metric": "ndcg@10",
  "num_requests": 12229,
  "samples": 10000,
  "seed": 20260708,
  "significant_a_gt_b": false
}
