{
  "ci95": [
    -0.011685993866417076,
    -0.0017418379847024676
  ],
  "delta": -0.006711607929778384,
  "metric": "ndcg@10",
  "num_requests": 12229,
  "samples": 10000,
  "seed": 20260708,
  "significant_a_gt_b": false
}
