{
  "ci95": [
    -0.0046875002628371,
    0.002386689051130844
  ],
  "delta": -0.0011229786782580556,
  "metric": "ndcg@10",
  "num_requests": 12229,
  "samples": 10000,
  "seed": 20267003,
  "significant_a_gt_b": false
}
