{
  "ci95": [
    -0.030609675864672056,
    -0.019659547984907988
  ],
  "delta": -0.025179474937250177,
  "metric": "ndcg@10",
  "num_requests": 12229,
  "samples": 10000,
  "seed": 20260708,
  "significant_a_gt_b": false
}
