{
  "ci95": [
    0.0037327412927855904,
    0.009011199762388738
  ],
  "delta": 0.006362740409498102,
  "metric": "ndcg@10",
  "num_requests": 12229,
  "samples": 10000,
  "seed": 20260708,
  "significant_a_gt_b": true
}
