{
  "ci95": [
    -0.009308048184150302,
    0.004548984574286805
  ],
  "delta": -0.002430973451873385,
  "metric": "ndcg@10",
  "num_requests": 2000,
  "request_ids_path": "reports/b8_dev_subset_request_ids_seed20260708.txt",
  "samples": 10000,
  "seed": 20260708,
  "significant_a_gt_b": false
}
