{
  "ci95": [
    0.02318489182265164,
    0.029549563523178824
  ],
  "delta": 0.026326683999636506,
  "metric": "ndcg@10",
  "num_requests": 8119,
  "request_ids_path": "artifacts/analysis/c5r_temporal_symmetric_identity/history_present_request_ids.txt",
  "samples": 10000,
  "seed": 20260708,
  "significant_a_gt_b": true
}
