{
  "ci95": [
    0.010196091954886915,
    0.01647798476235936
  ],
  "delta": 0.013292904767390841,
  "metric": "ndcg@10",
  "num_requests": 12229,
  "samples": 10000,
  "seed": 20260708,
  "significant_a_gt_b": true
}
