{
  "ci95": [
    -0.003083575943214008,
    0.005321585054086554
  ],
  "delta": 0.0011343242249594212,
  "metric": "ndcg@10",
  "num_requests": 12229,
  "samples": 10000,
  "seed": 20260708,
  "significant_a_gt_b": false
}
