{
  "ci95": [
    -0.007942847431050802,
    -0.002349176713080903
  ],
  "delta": -0.005210304690010927,
  "metric": "ndcg@10",
  "num_requests": 8119,
  "request_ids_path": "artifacts/analysis/c5r_temporal_symmetric_identity/history_present_request_ids.txt",
  "samples": 10000,
  "seed": 20260708,
  "significant_a_gt_b": false
}
