{
  "ci95": [
    0.0006355560705283851,
    0.0024763725115626413
  ],
  "delta": 0.0015301035075524654,
  "metric": "ndcg@10",
  "num_requests": 12229,
  "samples": 10000,
  "seed": 20260708,
  "significant_a_gt_b": true
}
