{
  "ci95": [
    0.001216824251955253,
    0.008011424772771237
  ],
  "delta": 0.0046234750796102855,
  "metric": "ndcg@10",
  "num_requests": 12229,
  "samples": 10000,
  "seed": 20260708,
  "significant_a_gt_b": true
}
