{
  "ci95": [
    0.006776256512837477,
    0.01290985505759677
  ],
  "delta": 0.009837920691772403,
  "metric": "ndcg@10",
  "num_requests": 12229,
  "samples": 10000,
  "seed": 20260708,
  "significant_a_gt_b": true
}
