{
  "ci95": [
    -0.020570922855218162,
    -0.01039513606204307
  ],
  "delta": -0.015432457398036864,
  "metric": "ndcg@10",
  "num_requests": 12229,
  "samples": 10000,
  "seed": 20260708,
  "significant_a_gt_b": false
}
