{
  "ci95": [
    0.025505039794774326,
    0.04166471156022051
  ],
  "delta": 0.03356585167386318,
  "metric": "ndcg@10",
  "num_requests": 2709,
  "request_ids_path": "artifacts/analysis/c3_history_identity_controls/same_query_all_seeds_request_ids.txt",
  "samples": 10000,
  "seed": 20260708,
  "significant_a_gt_b": true
}
