{
  "ci95": [
    -0.0006303426451572189,
    0.019065519479074602
  ],
  "delta": 0.009213063070483361,
  "metric": "ndcg@10",
  "num_requests": 1063,
  "request_ids_path": "artifacts/analysis/c5r_temporal_symmetric_identity/same_query_freshness_balanced_all_seeds_request_ids.txt",
  "samples": 10000,
  "seed": 20260708,
  "significant_a_gt_b": false
}
