{
  "ci95": [
    0.020649408122391043,
    0.03720056937149106
  ],
  "delta": 0.028904473986719068,
  "metric": "ndcg@10",
  "num_requests": 2709,
  "request_ids_path": "artifacts/analysis/c3_history_identity_controls/same_query_all_seeds_request_ids.txt",
  "samples": 10000,
  "seed": 20260708,
  "significant_a_gt_b": true
}
