{
  "ci95": [
    -0.008916012988807079,
    0.005016186282020362
  ],
  "delta": -0.0018900783480917196,
  "metric": "ndcg@10",
  "num_requests": 2000,
  "request_ids_path": "reports/b8_dev_subset_request_ids_seed20260708.txt",
  "samples": 10000,
  "seed": 20260708,
  "significant_a_gt_b": false
}
