{
  "ci95": [
    -0.004098103725962992,
    0.004498574487545986
  ],
  "delta": 0.0002367434251201546,
  "metric": "ndcg@10",
  "num_requests": 12229,
  "samples": 10000,
  "seed": 20260708,
  "significant_a_gt_b": false
}
