{
  "ci95": [
    -0.008143184614772673,
    -0.002567035782968795
  ],
  "delta": -0.005382776512452721,
  "metric": "ndcg@10",
  "num_requests": 8119,
  "request_ids_path": "artifacts/analysis/c5r_temporal_symmetric_identity/history_present_request_ids.txt",
  "samples": 10000,
  "seed": 20260708,
  "significant_a_gt_b": false
}
