{
  "ci95": [
    -0.02663207526521111,
    -0.02007429593219119
  ],
  "delta": -0.023350911774525467,
  "metric": "ndcg@10",
  "num_requests": 12229,
  "samples": 10000,
  "seed": 20260708,
  "significant_a_gt_b": false
}
