{
  "ci95": [
    -7.436617105911647e-05,
    0.0015657756398651983
  ],
  "delta": 0.000753045470326613,
  "metric": "ndcg@10",
  "num_requests": 8119,
  "request_ids_path": "artifacts/analysis/c3_history_identity_controls/history_present_request_ids.txt",
  "samples": 10000,
  "seed": 20260708,
  "significant_a_gt_b": false
}
