{
  "ci95": [
    -0.0010412456666738848,
    0.001588171000024705
  ],
  "delta": 0.00026074278523021235,
  "metric": "ndcg@10",
  "num_requests": 12229,
  "samples": 10000,
  "seed": 20260708,
  "significant_a_gt_b": false
}
