{
  "ci95": [
    0.023628843052539407,
    0.04030050905842508
  ],
  "delta": 0.031931183955757135,
  "metric": "ndcg@10",
  "num_requests": 2709,
  "request_ids_path": "artifacts/analysis/c3_history_identity_controls/same_query_all_seeds_request_ids.txt",
  "samples": 10000,
  "seed": 20260708,
  "significant_a_gt_b": true
}
