{
  "ci95": [
    0.012294955752482035,
    0.022740469637704524
  ],
  "delta": 0.017477528167217662,
  "metric": "ndcg@10",
  "num_requests": 12229,
  "samples": 10000,
  "seed": 20260708,
  "significant_a_gt_b": true
}
