{
  "ci95": [
    0.014663557689492077,
    0.020744451175830077
  ],
  "delta": 0.01769782341888677,
  "metric": "ndcg@10",
  "num_requests": 12229,
  "samples": 10000,
  "seed": 20260708,
  "significant_a_gt_b": true
}
