{
  "ci95": [
    -0.0014488544740672363,
    0.0013848044691067598
  ],
  "delta": -1.1574998075227273e-05,
  "metric": "ndcg@10",
  "num_requests": 12229,
  "samples": 10000,
  "seed": 20260708,
  "significant_a_gt_b": false
}
