{
  "ci95": [
    -4.2672733053356766e-05,
    0.0010562533446144126
  ],
  "delta": 0.0004999571652286998,
  "metric": "ndcg@10",
  "num_requests": 12229,
  "samples": 10000,
  "seed": 20260708,
  "significant_a_gt_b": false
}
