{
  "ci95": [
    -0.0027024162909633316,
    3.950767588000335e-05
  ],
  "delta": -0.0013552898713505297,
  "metric": "ndcg@10",
  "num_requests": 12229,
  "samples": 10000,
  "seed": 20260708,
  "significant_a_gt_b": false
}
