{
  "ci95": [
    0.027394112591491666,
    0.03831178189617137
  ],
  "delta": 0.032795855850568954,
  "metric": "ndcg@10",
  "num_requests": 12229,
  "samples": 10000,
  "seed": 20260708,
  "significant_a_gt_b": true
}
