{
  "ci95": [
    0.013149373317473914,
    0.023526056294152043
  ],
  "delta": 0.01827504531700415,
  "metric": "ndcg@10",
  "num_requests": 12229,
  "samples": 10000,
  "seed": 20260708,
  "significant_a_gt_b": true
}
