{
  "ci95": [
    -0.002914320201910418,
    0.00402267933092629
  ],
  "delta": 0.0005321124061544057,
  "metric": "ndcg@10",
  "num_requests": 8119,
  "request_ids_path": "artifacts/analysis/c5r_temporal_symmetric_identity/history_present_request_ids.txt",
  "samples": 10000,
  "seed": 20260708,
  "significant_a_gt_b": false
}
