{
  "ci95": [
    0.00724945939027303,
    0.015480671980427302
  ],
  "delta": 0.01133508300938867,
  "metric": "ndcg@10",
  "num_requests": 12229,
  "samples": 10000,
  "seed": 20260708,
  "significant_a_gt_b": true
}
