{
  "ci95": [
    0.01925067847395259,
    0.03492924753126389
  ],
  "delta": 0.02708771412610078,
  "metric": "ndcg@10",
  "num_requests": 2709,
  "request_ids_path": "artifacts/analysis/c3_history_identity_controls/same_query_all_seeds_request_ids.txt",
  "samples": 10000,
  "seed": 20260708,
  "significant_a_gt_b": true
}
