{
  "ci95": [
    -0.006897748913321297,
    0.005838020612817458
  ],
  "delta": -0.00046935485237869145,
  "metric": "ndcg@10",
  "num_requests": 2000,
  "request_ids_path": "reports/b8_dev_subset_request_ids_seed20260708.txt",
  "samples": 10000,
  "seed": 20260708,
  "significant_a_gt_b": false
}
