{
  "ci95": [
    -0.0013092376446807714,
    0.009630874251314404
  ],
  "delta": 0.004027964782610542,
  "metric": "ndcg@10",
  "num_requests": 12229,
  "samples": 10000,
  "seed": 20260708,
  "significant_a_gt_b": false
}
