{
  "ci95": [
    -0.0006780106218721995,
    0.006449846228041494
  ],
  "delta": 0.002912264523858786,
  "metric": "ndcg@10",
  "num_requests": 12229,
  "samples": 10000,
  "seed": 20260708,
  "significant_a_gt_b": false
}
