{
  "ci95": [
    -0.001923056360905016,
    0.005147839621805434
  ],
  "delta": 0.001616562158995775,
  "metric": "ndcg@10",
  "num_requests": 12229,
  "samples": 10000,
  "seed": 20267201,
  "significant_a_gt_b": false
}
