{
  "ci95": [
    -0.002777466756673705,
    0.005759188740899418
  ],
  "delta": 0.0015275077712650703,
  "metric": "ndcg@10",
  "num_requests": 12229,
  "samples": 10000,
  "seed": 20260708,
  "significant_a_gt_b": false
}
