{
  "ci95": [
    0.028302221857679503,
    0.03571480613213782
  ],
  "delta": 0.03203959171008375,
  "metric": "ndcg@10",
  "num_requests": 8119,
  "request_ids_path": "artifacts/analysis/c5r_temporal_symmetric_identity/history_present_request_ids.txt",
  "samples": 10000,
  "seed": 20260708,
  "significant_a_gt_b": true
}
