{
  "ci95": [
    -0.012024415416672719,
    0.001366399534461951
  ],
  "delta": -0.005316587286196535,
  "metric": "ndcg@10",
  "num_requests": 2000,
  "request_ids_path": "reports/b8_dev_subset_request_ids_seed20260708.txt",
  "samples": 10000,
  "seed": 20260708,
  "significant_a_gt_b": false
}
