{
  "ci95": [
    0.017865338741445764,
    0.024527072149441543
  ],
  "delta": 0.021173003701161073,
  "metric": "ndcg@10",
  "num_requests": 12229,
  "samples": 10000,
  "seed": 20260708,
  "significant_a_gt_b": true
}
