{
  "ci95": [
    0.008550798711910144,
    0.018826332911195176
  ],
  "delta": 0.013648474459104448,
  "metric": "ndcg@10",
  "num_requests": 12229,
  "samples": 10000,
  "seed": 20260708,
  "significant_a_gt_b": true
}
