{
  "ci95": [
    0.022410656127654215,
    0.03310740492172248
  ],
  "delta": 0.027661189624504954,
  "metric": "ndcg@10",
  "num_requests": 12229,
  "samples": 10000,
  "seed": 20260708,
  "significant_a_gt_b": true
}
