{
  "ci95": [
    -0.00039943955129409926,
    0.0021615872563467463
  ],
  "delta": 0.0008935004437980002,
  "metric": "ndcg@10",
  "num_requests": 12229,
  "samples": 10000,
  "seed": 20260708,
  "significant_a_gt_b": false
}
