{
  "ci95": [
    -0.0048657914084685215,
    0.006177106150079011
  ],
  "delta": 0.0006667336507770353,
  "metric": "ndcg@10",
  "num_requests": 12229,
  "samples": 10000,
  "seed": 20260708,
  "significant_a_gt_b": false
}
