{
  "ci95": [
    0.0042642924993827,
    0.01557483994651155
  ],
  "delta": 0.009899115282339442,
  "metric": "ndcg@10",
  "num_requests": 12229,
  "samples": 10000,
  "seed": 20260708,
  "significant_a_gt_b": true
}
