{
  "ci95": [
    -0.001182136401276911,
    0.00027634762237187976
  ],
  "delta": -0.0004617894275525294,
  "metric": "ndcg@10",
  "num_requests": 12229,
  "samples": 10000,
  "seed": 20260708,
  "significant_a_gt_b": false
}
