{
  "ci95": [
    0.02159003657156112,
    0.028211480083977416
  ],
  "delta": 0.024881015282077933,
  "metric": "ndcg@10",
  "num_requests": 12229,
  "samples": 10000,
  "seed": 20260708,
  "significant_a_gt_b": true
}
