{
  "ci95": [
    -0.0015592133645899759,
    0.003020222534376775
  ],
  "delta": 0.0007593888014881812,
  "metric": "ndcg@10",
  "num_requests": 12229,
  "samples": 10000,
  "seed": 20260708,
  "significant_a_gt_b": false
}
