{
  "ci95": [
    -0.012329332971015593,
    -0.0010726036355406402
  ],
  "delta": -0.00674018856240764,
  "metric": "ndcg@10",
  "num_requests": 12229,
  "samples": 10000,
  "seed": 20260708,
  "significant_a_gt_b": false
}
