{
  "ci95": [
    -0.004126050264260547,
    0.0029144317146430837
  ],
  "delta": -0.0005570548102139169,
  "metric": "ndcg@10",
  "num_requests": 12229,
  "samples": 10000,
  "seed": 20267005,
  "significant_a_gt_b": false
}
