{
  "ci95": [
    -0.002710912152847931,
    0.0037179325103963426
  ],
  "delta": 0.0004935834807377195,
  "metric": "ndcg@10",
  "num_requests": 12229,
  "samples": 10000,
  "seed": 20267004,
  "significant_a_gt_b": false
}
