{
  "ci95": [
    0.016781125213777708,
    0.02554090412380089
  ],
  "delta": 0.021234198291728113,
  "metric": "ndcg@10",
  "num_requests": 12229,
  "samples": 10000,
  "seed": 20260708,
  "significant_a_gt_b": true
}
