{
  "ci95": [
    0.03557906755690407,
    0.04596497123888902
  ],
  "delta": 0.040809981926457406,
  "metric": "ndcg@10",
  "num_requests": 8119,
  "request_ids_path": "artifacts/analysis/c3_history_identity_controls/history_present_request_ids.txt",
  "samples": 10000,
  "seed": 20260708,
  "significant_a_gt_b": true
}
