{
  "ci95": [
    -0.019781994096820854,
    -0.009118016961574254
  ],
  "delta": -0.014520810533564806,
  "metric": "ndcg@10",
  "num_requests": 12229,
  "samples": 10000,
  "seed": 20260708,
  "significant_a_gt_b": false
}
