{
  "ci95": [
    -0.0428862235177095,
    -0.031649291786048445
  ],
  "delta": -0.03726089270318011,
  "metric": "ndcg@10",
  "num_requests": 12229,
  "samples": 10000,
  "seed": 20260708,
  "significant_a_gt_b": false
}
