{
  "ci95": [
    -0.0013135464158934961,
    0.0012999721569570048
  ],
  "delta": 8.813279688506308e-06,
  "metric": "ndcg@10",
  "num_requests": 12229,
  "samples": 10000,
  "seed": 20260708,
  "significant_a_gt_b": false
}
