{
  "ci95": [
    -0.0023904611339792005,
    0.004970642060186513
  ],
  "delta": 0.0012958105165371528,
  "metric": "ndcg@10",
  "num_requests": 12229,
  "samples": 10000,
  "seed": 20260708,
  "significant_a_gt_b": false
}
