{
  "ci95": [
    -0.01054389470933797,
    0.00038575052976552845
  ],
  "delta": -0.005134666226064003,
  "metric": "ndcg@10",
  "num_requests": 12229,
  "samples": 10000,
  "seed": 20260708,
  "significant_a_gt_b": false
}
