{
  "ci95": [
    -0.024464729394415692,
    -0.013778413031867913
  ],
  "delta": -0.019147381391464508,
  "metric": "ndcg@10",
  "num_requests": 12229,
  "samples": 10000,
  "seed": 20260708,
  "significant_a_gt_b": false
}
