{
  "ci95": [
    -0.005147357102558165,
    0.003931258825816038
  ],
  "delta": -0.0006055390602099953,
  "metric": "ndcg@10",
  "num_requests": 12229,
  "samples": 10000,
  "seed": 20260708,
  "significant_a_gt_b": false
}
