{
  "ci95": [
    0.030460895074800324,
    0.04031619370113126
  ],
  "delta": 0.035423876846950635,
  "metric": "ndcg@10",
  "num_requests": 8119,
  "request_ids_path": "artifacts/analysis/c3_history_identity_controls/history_present_request_ids.txt",
  "samples": 10000,
  "seed": 20260708,
  "significant_a_gt_b": true
}
