{
  "ci95": [
    -0.0018339598532039715,
    0.004976786524533584
  ],
  "delta": 0.0015691384236915758,
  "metric": "ndcg@10",
  "num_requests": 12229,
  "samples": 10000,
  "seed": 20267202,
  "significant_a_gt_b": false
}
