{
  "ci95": [
    0.02323288262311305,
    0.029584821155364708
  ],
  "delta": 0.026397581692490485,
  "metric": "ndcg@10",
  "num_requests": 8119,
  "request_ids_path": "artifacts/analysis/c5r_temporal_symmetric_identity/history_present_request_ids.txt",
  "samples": 10000,
  "seed": 20260708,
  "significant_a_gt_b": true
}
