{
  "ci95": [
    0.030923572106600745,
    0.04082015938041744
  ],
  "delta": 0.03587052966154759,
  "metric": "ndcg@10",
  "num_requests": 8119,
  "request_ids_path": "artifacts/analysis/c5r_temporal_symmetric_identity/history_present_request_ids.txt",
  "samples": 10000,
  "seed": 20260708,
  "significant_a_gt_b": true
}
