{
  "ci95": [
    -0.02007068398468307,
    -0.012490420360660387
  ],
  "delta": -0.01633244403945243,
  "metric": "ndcg@10",
  "num_requests": 12229,
  "samples": 10000,
  "seed": 20260708,
  "significant_a_gt_b": false
}
