{
  "ci95": [
    0.000255992071609862,
    0.0013333342219465675
  ],
  "delta": 0.000790946296304306,
  "metric": "ndcg@10",
  "num_requests": 8119,
  "request_ids_path": "artifacts/analysis/c3_history_identity_controls/history_present_request_ids.txt",
  "samples": 10000,
  "seed": 20260708,
  "significant_a_gt_b": true
}
