{
  "ci95": [
    -0.0011308369859146094,
    0.009808092946644326
  ],
  "delta": 0.004355879046653703,
  "metric": "ndcg@10",
  "num_requests": 12229,
  "samples": 10000,
  "seed": 20260708,
  "significant_a_gt_b": false
}
