{
  "ci95": [
    -0.013925774594517227,
    0.00024849014290018233
  ],
  "delta": -0.006864625579773299,
  "metric": "ndcg@10",
  "num_requests": 2000,
  "request_ids_path": "reports/b8_dev_subset_request_ids_seed20260708.txt",
  "samples": 10000,
  "seed": 20260708,
  "significant_a_gt_b": false
}
