{
  "ci95": [
    0.033453349743313564,
    0.04399127982470648
  ],
  "delta": 0.03869471780813394,
  "metric": "ndcg@10",
  "num_requests": 8119,
  "request_ids_path": "artifacts/analysis/c3_history_identity_controls/history_present_request_ids.txt",
  "samples": 10000,
  "seed": 20260708,
  "significant_a_gt_b": true
}
