{
  "ci95": [
    0.03219373560188145,
    0.04193626524209105
  ],
  "delta": 0.037055122902522886,
  "metric": "ndcg@10",
  "num_requests": 8119,
  "request_ids_path": "artifacts/analysis/c5r_temporal_symmetric_identity/history_present_request_ids.txt",
  "samples": 10000,
  "seed": 20260708,
  "significant_a_gt_b": true
}
