{
  "ci95": [
    -0.036503475222550215,
    -0.025649111419091413
  ],
  "delta": -0.031131533745682633,
  "metric": "ndcg@10",
  "num_requests": 12229,
  "samples": 10000,
  "seed": 20260708,
  "significant_a_gt_b": false
}
