{
  "ci95": [
    0.014865926755554012,
    0.02546713236981635
  ],
  "delta": 0.020169684733955147,
  "metric": "ndcg@10",
  "num_requests": 12229,
  "samples": 10000,
  "seed": 20260708,
  "significant_a_gt_b": true
}
