{
  "ci95": [
    -0.003458139659478832,
    0.007475848604718694
  ],
  "delta": 0.001930361541680076,
  "metric": "ndcg@10",
  "num_requests": 12229,
  "samples": 10000,
  "seed": 20260708,
  "significant_a_gt_b": false
}
