{
  "ci95": [
    -0.0032015658289390714,
    0.005983715933545659
  ],
  "delta": 0.0014586034759021323,
  "metric": "ndcg@10",
  "num_requests": 12229,
  "samples": 10000,
  "seed": 20267006,
  "significant_a_gt_b": false
}
