{
  "ci95": [
    0.006474178677043083,
    0.016907595904760677
  ],
  "delta": 0.011608012260951078,
  "metric": "ndcg@10",
  "num_requests": 12229,
  "samples": 10000,
  "seed": 20260708,
  "significant_a_gt_b": true
}
