{
  "ci95": [
    0.004121501503359268,
    0.01363526923320636
  ],
  "delta": 0.00893702572073714,
  "metric": "ndcg@10",
  "num_requests": 12229,
  "samples": 10000,
  "seed": 20260708,
  "significant_a_gt_b": true
}
