{
  "ci95": [
    -0.009087655341019766,
    -0.0034809529699644363
  ],
  "delta": -0.006336340985693214,
  "metric": "ndcg@10",
  "num_requests": 8119,
  "request_ids_path": "artifacts/analysis/c5r_temporal_symmetric_identity/history_present_request_ids.txt",
  "samples": 10000,
  "seed": 20260708,
  "significant_a_gt_b": false
}
