{
  "ci95": [
    0.03237723506628274,
    0.04244805977911041
  ],
  "delta": 0.03741702283836559,
  "metric": "ndcg@10",
  "num_requests": 7614,
  "request_ids_path": "artifacts/analysis/c5r_temporal_symmetric_identity/freshness_balanced_all_seeds_request_ids.txt",
  "samples": 10000,
  "seed": 20260708,
  "significant_a_gt_b": true
}
