{
  "ci95": [
    0.004408916310334004,
    0.012280447484758887
  ],
  "delta": 0.008331486660527144,
  "metric": "ndcg@10",
  "num_requests": 12229,
  "samples": 10000,
  "seed": 20260708,
  "significant_a_gt_b": true
}
