{
  "ci95": [
    0.00840619171830501,
    0.018632877699047014
  ],
  "delta": 0.013431100006675804,
  "metric": "ndcg@10",
  "num_requests": 12229,
  "samples": 10000,
  "seed": 20260708,
  "significant_a_gt_b": true
}
