{
  "ci95": [
    -5.6743741159839944e-05,
    0.0011823908147436549
  ],
  "delta": 0.0005676377805895187,
  "metric": "ndcg@10",
  "num_requests": 8119,
  "request_ids_path": "artifacts/analysis/c3_history_identity_controls/history_present_request_ids.txt",
  "samples": 10000,
  "seed": 20260708,
  "significant_a_gt_b": false
}
