{
  "ci95": [
    -0.0018297867257302176,
    0.006444722733701878
  ],
  "delta": 0.002425517504973626,
  "metric": "ndcg@10",
  "num_requests": 12229,
  "samples": 10000,
  "seed": 20260708,
  "significant_a_gt_b": false
}
