{
  "ci95": [
    -0.01631683176028354,
    0.0010221457710611844
  ],
  "delta": -0.007463261530625076,
  "metric": "ndcg@10",
  "num_requests": 2000,
  "samples": 5000,
  "seed": 20260714,
  "significant_a_gt_b": false
}
