{
  "ci95": [
    -0.0029982332550872464,
    0.01409147646405927
  ],
  "delta": 0.005563972687886356,
  "metric": "ndcg@10",
  "num_requests": 1285,
  "request_ids_path": "artifacts/history_response_gap/full_scout10k_v1/surfaces/strict_nonrepeat.txt",
  "samples": 2000,
  "seed": 20260714,
  "significant_a_gt_b": false
}
