{
  "ci95": [
    0.00369454063259411,
    0.020342981657647318
  ],
  "delta": 0.012003442091451324,
  "metric": "ndcg@10",
  "num_requests": 2002,
  "samples": 2000,
  "seed": 20260714,
  "significant_a_gt_b": true
}
