{
  "ci95": [
    -0.04591750052867689,
    -0.025546077331040355
  ],
  "delta": -0.035731625893791565,
  "metric": "ndcg@10",
  "num_requests": 2000,
  "samples": 5000,
  "seed": 20260714,
  "significant_a_gt_b": false
}
