{
  "ci95": [
    -0.010211353947437723,
    0.004898270624941793
  ],
  "delta": -0.002647463435444494,
  "metric": "ndcg@10",
  "num_requests": 2000,
  "samples": 10000,
  "seed": 20260714,
  "significant_a_gt_b": false
}
