{
  "ci95": [
    -0.13187340786834773,
    -0.10466045539581745
  ],
  "delta": -0.11833517662129034,
  "metric": "ndcg@10",
  "num_requests": 1876,
  "samples": 5000,
  "seed": 20260714,
  "significant_a_gt_b": false
}
