{
  "ci95": [
    0.006054270543502206,
    0.02208678113176072
  ],
  "delta": 0.014131150593729942,
  "metric": "ndcg@10",
  "num_requests": 1627,
  "request_ids_path": "artifacts/history_response_gap/lite_scout10k_v1/surfaces/history_present.txt",
  "samples": 10000,
  "seed": 20260714,
  "significant_a_gt_b": true
}
