{
  "ci95": [
    -0.10051383572240288,
    -0.07538479391913185
  ],
  "delta": -0.08761307415759556,
  "metric": "ndcg@10",
  "num_requests": 1876,
  "samples": 4000,
  "seed": 20260714,
  "significant_a_gt_b": false
}
