{
  "ci95": [
    0.006587830453769014,
    0.04957526274302373
  ],
  "delta": 0.027942226297502645,
  "metric": "ndcg@10",
  "num_requests": 515,
  "request_ids_path": "artifacts/history_response_gap/lite_scout10k_v1/surfaces/repeat.txt",
  "samples": 10000,
  "seed": 20260714,
  "significant_a_gt_b": true
}
