{
  "ci95": [
    -0.03244911234901798,
    -0.009637463529624886
  ],
  "delta": -0.021076552533206186,
  "metric": "ndcg@10",
  "num_requests": 1876,
  "samples": 5000,
  "seed": 20260714,
  "significant_a_gt_b": false
}
