{
  "ci95": [
    -0.012414066158296311,
    0.00656746779168159
  ],
  "delta": -0.0030261004037674456,
  "metric": "ndcg@10",
  "num_requests": 2000,
  "samples": 10000,
  "seed": 20260714,
  "significant_a_gt_b": false
}
