{
  "analysis_type": "full_token_input_coverage",
  "candidate_pairs": 189102,
  "candidate_token_length": {
    "count": 189102,
    "max": 1151,
    "mean": 133.52664699474357,
    "min": 1,
    "p50": 79,
    "p90": 324,
    "p95": 431,
    "p99": 530
  },
  "context_token_length": {
    "count": 1876,
    "max": 395,
    "mean": 197.10980810234543,
    "min": 92,
    "p50": 193,
    "p90": 246,
    "p95": 272,
    "p99": 321
  },
  "history_budget": 2,
  "history_increment_token_length": {
    "count": 1876,
    "max": 259,
    "mean": 140.92857142857142,
    "min": 51,
    "p50": 142,
    "p90": 172,
    "p95": 178,
    "p99": 193
  },
  "history_present_overflow_pairs": 20693,
  "history_present_overflow_rate": 0.1094277162589502,
  "history_present_requests": 1876,
  "label_fields_read": false,
  "local_files_only": true,
  "max_length": 512,
  "model_name": "BAAI/bge-reranker-v2-m3",
  "overflow_pair_rate": 0.1094277162589502,
  "overflow_pairs": 20693,
  "overflow_token_count": {
    "count": 189102,
    "max": 851,
    "mean": 12.377140379266216,
    "min": 0,
    "p50": 0,
    "p90": 15,
    "p95": 116,
    "p99": 220
  },
  "pair_special_tokens": 4,
  "pair_token_length_before_truncation": {
    "count": 189102,
    "max": 1363,
    "mean": 334.6266300726592,
    "min": 116,
    "p50": 294,
    "p90": 527,
    "p95": 628,
    "p99": 732
  },
  "qrels_read": false,
  "query_token_length": {
    "count": 1876,
    "max": 247,
    "mean": 56.18123667377399,
    "min": 12,
    "p50": 47,
    "p90": 96,
    "p95": 128,
    "p99": 173
  },
  "records_path": "data/standardized/amazon_c4/history_bm25_100_v1/records_dev.jsonl",
  "records_sha256": "ba4f6103332b92062e4f2046fa1311f9507033f4415efb89d193ce6c7db82a63",
  "requests": 1876,
  "unique_candidate_documents": 147919
}
