{
  "ci95": [
    -0.010865530443879756,
    0.004496603476435783
  ],
  "delta": -0.003194022335073871,
  "metric": "ndcg@10",
  "num_requests": 2000,
  "samples": 10000,
  "seed": 20260714,
  "significant_a_gt_b": false
}
