{
  "ci95": [
    -0.1697839659191994,
    -0.1393409625172514
  ],
  "delta": -0.15472266620645683,
  "metric": "ndcg@10",
  "num_requests": 1876,
  "samples": 5000,
  "seed": 20260714,
  "significant_a_gt_b": false
}
