{
  "ci95": [
    -0.011667131299169922,
    0.005614865811883646
  ],
  "delta": -0.003072128912583648,
  "metric": "ndcg@10",
  "num_requests": 2000,
  "samples": 2000,
  "seed": 20260714,
  "significant_a_gt_b": false
}
