{
  "ci95": [
    -0.012875653417955515,
    0.007626822462986961
  ],
  "delta": -0.002562852238097112,
  "metric": "ndcg@10",
  "num_requests": 1112,
  "request_ids_path": "artifacts/history_response_gap/lite_scout10k_v1/surfaces/strict_nonrepeat.txt",
  "samples": 10000,
  "seed": 20260714,
  "significant_a_gt_b": false
}
