{
  "ci95": [
    -0.007392274756050537,
    0.009303818962564768
  ],
  "delta": 0.0009602305578267462,
  "metric": "ndcg@10",
  "num_requests": 2000,
  "samples": 10000,
  "seed": 20260714,
  "significant_a_gt_b": false
}
