{
  "ci95": [
    0.0664087843218474,
    0.09299459793404663
  ],
  "delta": 0.07955778325974637,
  "metric": "ndcg@10",
  "num_requests": 2000,
  "samples": 5000,
  "seed": 20260714,
  "significant_a_gt_b": true
}
