{
  "ci95": [
    0.20558285165171186,
    0.2754493734001841
  ],
  "delta": 0.24006422661919938,
  "metric": "ndcg@10",
  "num_requests": 480,
  "request_ids_path": "data/interim/jdsearch/hash_scout10k_v3/request_surfaces_dev/repeat.txt",
  "samples": 5000,
  "seed": 20260714,
  "significant_a_gt_b": true
}
