{
  "ci95": [
    0.012666668127408525,
    0.028213005774464832
  ],
  "delta": 0.02044038646886701,
  "metric": "ndcg@10",
  "num_requests": 1876,
  "samples": 5000,
  "seed": 20260714,
  "significant_a_gt_b": true
}
