{
  "ci95": [
    -0.0148836318673056,
    0.006403183761869955
  ],
  "delta": -0.004295387882323089,
  "metric": "ndcg@10",
  "num_requests": 1876,
  "samples": 4000,
  "seed": 20260714,
  "significant_a_gt_b": false
}
