{
  "ci95": [
    -0.024551301712406985,
    0.0015532992379820496
  ],
  "delta": -0.011780814761427472,
  "metric": "ndcg@10",
  "num_requests": 1520,
  "request_ids_path": "data/interim/jdsearch/hash_scout10k_v3/request_surfaces_dev/strict_nonrepeat.txt",
  "samples": 5000,
  "seed": 20260714,
  "significant_a_gt_b": false
}
