{
  "ci95": [
    -0.014794923734661472,
    0.0032551356044161375
  ],
  "delta": -0.005840250035791347,
  "metric": "ndcg@10",
  "num_requests": 2000,
  "samples": 10000,
  "seed": 20260714,
  "significant_a_gt_b": false
}
