{
  "analysis_type": "full_token_input_coverage",
  "candidate_capacity_if_context_preserved": {
    "count": 1876,
    "max": 416,
    "mean": 187.77931769722815,
    "min": -48,
    "p50": 189,
    "p90": 249,
    "p95": 274,
    "p99": 360
  },
  "candidate_pairs": 189102,
  "candidate_token_length": {
    "count": 189102,
    "max": 1151,
    "mean": 133.52664699474357,
    "min": 1,
    "p50": 79,
    "p90": 324,
    "p95": 431,
    "p99": 530
  },
  "context_preserved_under_configured_truncation": false,
  "context_token_length": {
    "count": 1876,
    "max": 556,
    "mean": 320.2206823027719,
    "min": 92,
    "p50": 319,
    "p90": 387,
    "p95": 413,
    "p99": 466
  },
  "history_budget": 4,
  "history_increment_token_length": {
    "count": 1876,
    "max": 494,
    "mean": 264.0394456289979,
    "min": 51,
    "p50": 268,
    "p90": 317,
    "p95": 328,
    "p99": 349
  },
  "history_present_overflow_pairs": 48242,
  "history_present_overflow_rate": 0.2551109982972153,
  "history_present_requests": 1876,
  "label_fields_read": false,
  "local_files_only": true,
  "max_length": 512,
  "model_name": "BAAI/bge-reranker-v2-m3",
  "overflow_pair_rate": 0.2551109982972153,
  "overflow_pairs": 48242,
  "overflow_token_count": {
    "count": 189102,
    "max": 995,
    "mean": 34.18012501189834,
    "min": 0,
    "p50": 0,
    "p90": 142,
    "p95": 240,
    "p99": 354
  },
  "pair_special_tokens": 4,
  "pair_token_length_before_truncation": {
    "count": 189102,
    "max": 1507,
    "mean": 457.73459825914057,
    "min": 119,
    "p50": 423,
    "p90": 654,
    "p95": 752,
    "p99": 866
  },
  "qrels_read": false,
  "query_token_length": {
    "count": 1876,
    "max": 247,
    "mean": 56.18123667377399,
    "min": 12,
    "p50": 47,
    "p90": 96,
    "p95": 128,
    "p99": 173
  },
  "records_path": "data/standardized/amazon_c4/history_bm25_100_v1/records_dev.jsonl",
  "records_sha256": "ba4f6103332b92062e4f2046fa1311f9507033f4415efb89d193ce6c7db82a63",
  "requests": 1876,
  "truncation_strategy": "only_second",
  "unique_candidate_documents": 147919
}
