{
  "ci95": [
    -0.05505562736938623,
    -0.033245986785337786
  ],
  "delta": -0.044046854846981565,
  "metric": "ndcg@10",
  "num_requests": 1876,
  "samples": 5000,
  "seed": 20260714,
  "significant_a_gt_b": false
}
