{
  "analysis_type": "history_response_surface_summary",
  "bootstrap_samples": 2000,
  "ci_metrics": [
    "common_mode_ratio",
    "mean_pairwise_directional_accuracy",
    "mean_signed_delta_alignment",
    "mean_true_minus_null_ndcg@10",
    "mean_true_minus_wrong_ndcg@10"
  ],
  "per_request_path": "runs/20260714_kuaisearch_e_full_bge_base_zero_shot_aligned_history_response/per_request_history_response.jsonl",
  "per_request_sha256": "c84f4810772637b2ac8e359f8a0977d6f60f84d8a3d98871bbdb3e70d061fba2",
  "records_path": "data/standardized/kuaisearch/lite_scout10k_v1/records_dev.jsonl",
  "records_sha256": "c526cb6f6a8b1507ea7554f01b347190fef3dea544d93f671c64cd6ad097b10a",
  "seed": 20260714,
  "surfaces": {
    "all": {
      "active_response_harm_rate": 0.34869240348692404,
      "active_response_precision": 0.3300124533001245,
      "active_response_rate": 0.812,
      "bootstrap_ci95": {
        "query_cluster": {
          "common_mode_ratio": [
            0.7560297921716024,
            0.797211283120312
          ],
          "mean_pairwise_directional_accuracy": [
            0.45395598601092024,
            0.49617090105447353
          ],
          "mean_signed_delta_alignment": [
            -0.07136064475162539,
            -0.006383304249470391
          ],
          "mean_true_minus_null_ndcg@10": [
            -0.009189145738312095,
            0.004787973593972438
          ],
          "mean_true_minus_wrong_ndcg@10": [
            -0.0052171043757482756,
            0.005962119024739418
          ],
          "num_clusters": 1655
        },
        "request": {
          "common_mode_ratio": [
            0.7568721431172618,
            0.7957524057446482
          ],
          "mean_pairwise_directional_accuracy": [
            0.45453134379907956,
            0.49529446001489147
          ],
          "mean_signed_delta_alignment": [
            -0.06989080874900522,
            -0.007305767541802855
          ],
          "mean_true_minus_null_ndcg@10": [
            -0.008884815617382453,
            0.0044294812271397305
          ],
          "mean_true_minus_wrong_ndcg@10": [
            -0.004844847481127443,
            0.006285231126771835
          ],
          "num_clusters": 2000
        },
        "user_cluster": {
          "common_mode_ratio": [
            0.7541978016635761,
            0.7979558924042484
          ],
          "mean_pairwise_directional_accuracy": [
            0.4542263072026563,
            0.4957542125805827
          ],
          "mean_signed_delta_alignment": [
            -0.07030452171324014,
            -0.0067542969356829095
          ],
          "mean_true_minus_null_ndcg@10": [
            -0.008666917795323734,
            0.004540680720366227
          ],
          "mean_true_minus_wrong_ndcg@10": [
            -0.004998545654787815,
            0.006192081648712403
          ],
          "num_clusters": 864
        }
      },
      "common_mode_ratio": 0.7774672817195561,
      "direction_eligible_rate": 0.522,
      "mean_active_pair_fraction": 0.8042390627479004,
      "mean_direction_pair_coverage": 0.762597342420133,
      "mean_pairwise_directional_accuracy": 0.47503572975579106,
      "mean_signed_delta_alignment": -0.038384576929755866,
      "mean_true_minus_null_ndcg@10": -0.0020103570424938647,
      "mean_true_minus_wrong_ndcg@10": 0.0005538793600456757,
      "mean_true_ndcg@10": 0.18546737076880462,
      "mean_true_over_wrong_signed_alignment": -0.014486236593692995,
      "num_active_direction_requests": 803,
      "num_active_requests": 1624,
      "num_direction_eligible_requests": 1044,
      "num_requests": 2000,
      "surface_request_ids_path": "artifacts/history_response_gap/lite_scout10k_v1/surfaces/all.txt",
      "surface_request_ids_sha256": "7b87d41676bd926ca4d6c5f82b5c13bd8b720d75517f4df12ad1d11b637144e8"
    },
    "history_present": {
      "active_response_harm_rate": 0.34869240348692404,
      "active_response_precision": 0.3300124533001245,
      "active_response_rate": 0.9981561155500922,
      "bootstrap_ci95": {
        "query_cluster": {
          "common_mode_ratio": [
            0.756560715916764,
            0.7965729009224376
          ],
          "mean_pairwise_directional_accuracy": [
            0.4551744501639303,
            0.4957795896525086
          ],
          "mean_signed_delta_alignment": [
            -0.08927487520765695,
            -0.008635386551816168
          ],
          "mean_true_minus_null_ndcg@10": [
            -0.01061834275894909,
            0.0055766390656460905
          ],
          "mean_true_minus_wrong_ndcg@10": [
            -0.0060420460848072425,
            0.007723169564568684
          ],
          "num_clusters": 1363
        },
        "request": {
          "common_mode_ratio": [
            0.7583453332600738,
            0.795941126787947
          ],
          "mean_pairwise_directional_accuracy": [
            0.4548826790881607,
            0.495911952320977
          ],
          "mean_signed_delta_alignment": [
            -0.08993807069420838,
            -0.008425589686856054
          ],
          "mean_true_minus_null_ndcg@10": [
            -0.010812746524451789,
            0.005700951279249496
          ],
          "mean_true_minus_wrong_ndcg@10": [
            -0.006184542226787997,
            0.007833220269635904
          ],
          "num_clusters": 1627
        },
        "user_cluster": {
          "common_mode_ratio": [
            0.753726723699569,
            0.7987139467649707
          ],
          "mean_pairwise_directional_accuracy": [
            0.45331798569641196,
            0.49598061077125166
          ],
          "mean_signed_delta_alignment": [
            -0.09339752525921773,
            -0.00813776218275847
          ],
          "mean_true_minus_null_ndcg@10": [
            -0.011144418771760808,
            0.005485198891725234
          ],
          "mean_true_minus_wrong_ndcg@10": [
            -0.006692643847060077,
            0.008008926901073769
          ],
          "num_clusters": 697
        }
      },
      "common_mode_ratio": 0.7774672817195561,
      "direction_eligible_rate": 0.49354640442532266,
      "mean_active_pair_fraction": 0.988615934539521,
      "mean_direction_pair_coverage": 0.9914715136819662,
      "mean_pairwise_directional_accuracy": 0.47503572975579106,
      "mean_signed_delta_alignment": -0.04990473015524922,
      "mean_true_minus_null_ndcg@10": -0.002471244059611389,
      "mean_true_minus_wrong_ndcg@10": 0.0006808596927420722,
      "mean_true_ndcg@10": 0.17748599270213597,
      "mean_true_over_wrong_signed_alignment": -0.018833911586320657,
      "num_active_direction_requests": 803,
      "num_active_requests": 1624,
      "num_direction_eligible_requests": 803,
      "num_requests": 1627,
      "surface_request_ids_path": "artifacts/history_response_gap/lite_scout10k_v1/surfaces/history_present.txt",
      "surface_request_ids_sha256": "8192fa6cdb53f22e3d5780d3e26ded9e1af1d8aa78e7f07de56a464b49dc2612"
    },
    "no_history": {
      "active_response_harm_rate": null,
      "active_response_precision": null,
      "active_response_rate": 0.0,
      "bootstrap_ci95": {
        "query_cluster": {
          "common_mode_ratio": null,
          "mean_pairwise_directional_accuracy": null,
          "mean_signed_delta_alignment": [
            0.0,
            0.0
          ],
          "mean_true_minus_null_ndcg@10": [
            0.0,
            0.0
          ],
          "mean_true_minus_wrong_ndcg@10": [
            0.0,
            0.0
          ],
          "num_clusters": 346
        },
        "request": {
          "common_mode_ratio": null,
          "mean_pairwise_directional_accuracy": null,
          "mean_signed_delta_alignment": [
            0.0,
            0.0
          ],
          "mean_true_minus_null_ndcg@10": [
            0.0,
            0.0
          ],