{
  "ci95": [
    -0.1698865932870746,
    -0.13943415016464752
  ],
  "delta": -0.15461366839945553,
  "metric": "ndcg@10",
  "num_requests": 1868,
  "request_ids_path": "data/interim/amazon_c4/history_bm25_100_v1/request_surfaces_dev/strict_nonrepeat.txt",
  "samples": 5000,
  "seed": 20260714,
  "significant_a_gt_b": false
}
