{
  "ci95": [
    -0.024609087327677887,
    -0.003950764323771932
  ],
  "delta": -0.014158813917870394,
  "metric": "ndcg@10",
  "num_requests": 1876,
  "samples": 5000,
  "seed": 20260714,
  "significant_a_gt_b": false
}
