{
  "ci95": [
    0.022241519819884082,
    0.050341866671301375
  ],
  "delta": 0.03636289583532973,
  "metric": "ndcg@10",
  "num_requests": 2000,
  "samples": 5000,
  "seed": 20260714,
  "significant_a_gt_b": true
}
