{
  "ci95": [
    -0.005669516453575135,
    0.011277603030917486
  ],
  "delta": 0.002713238355721601,
  "metric": "ndcg@10",
  "num_requests": 2000,
  "samples": 2000,
  "seed": 20260714,
  "significant_a_gt_b": false
}
