{
  "analysis_type": "full_token_input_coverage",
  "candidate_capacity_if_context_preserved": {
    "count": 11199,
    "max": 952,
    "mean": 469.7891776051433,
    "min": 89,
    "p50": 451,
    "p90": 612,
    "p95": 742,
    "p99": 873
  },
  "candidate_pairs": 11199,
  "candidate_token_length": {
    "count": 11199,
    "max": 880,
    "mean": 121.95704973658363,
    "min": 7,
    "p50": 79,
    "p90": 277,
    "p95": 376,
    "p99": 513
  },
  "context_preserved_under_configured_truncation": true,
  "context_token_length": {
    "count": 11199,
    "max": 931,
    "mean": 550.2108223948567,
    "min": 68,
    "p50": 569,
    "p90": 672,
    "p95": 704,
    "p99": 774
  },
  "history_assignments_path": null,
  "history_assignments_sha256": null,
  "history_budget": 8,
  "history_increment_token_length": {
    "count": 11199,
    "max": 726,
    "mean": 492.43878917760514,
    "min": 37,
    "p50": 517,
    "p90": 601,
    "p95": 620,
    "p99": 652
  },
  "history_present_overflow_pairs": 320,
  "history_present_overflow_rate": 0.02857397981962675,
  "history_present_requests": 11199,
  "label_fields_read": false,
  "local_files_only": true,
  "max_candidates_per_request": 1,
  "max_length": 1024,
  "model_name": "BAAI/bge-reranker-v2-m3",
  "overflow_pair_rate": 0.02857397981962675,
  "overflow_pairs": 320,
  "overflow_token_count": {
    "count": 11199,
    "max": 586,
    "mean": 2.346191624252165,
    "min": 0,
    "p50": 0,
    "p90": 0,
    "p95": 0,
    "p99": 92
  },
  "pair_special_tokens": 4,
  "pair_token_length_before_truncation": {
    "count": 11199,
    "max": 1610,
    "mean": 676.1678721314403,
    "min": 106,
    "p50": 672,
    "p90": 870,
    "p95": 963,
    "p99": 1116
  },
  "qrels_read": false,
  "query_token_length": {
    "count": 11199,
    "max": 301,
    "mean": 57.77203321725154,
    "min": 7,
    "p50": 48,
    "p90": 100,
    "p95": 129,
    "p99": 189
  },
  "records_path": "data/standardized/amazon_c4/history_bm25_100_v1/records_train.jsonl",
  "records_sha256": "e55a02d155266210ee0546c96e67be1db253eb3eccf68a695be4141afeeb64a4",
  "requests": 11199,
  "truncation_strategy": "only_second",
  "unique_candidate_documents": 10394
}
