{
  "ci95": [
    -0.01219111326652556,
    0.0020092217859704674
  ],
  "delta": -0.005033337620616034,
  "metric": "ndcg@10",
  "num_requests": 2000,
  "samples": 5000,
  "seed": 20260714,
  "significant_a_gt_b": false
}
