{
  "ci95": [
    -0.004184378679253008,
    0.009140212665660464
  ],
  "delta": 0.002377229468142057,
  "metric": "ndcg@10",
  "num_requests": 515,
  "request_ids_path": "artifacts/history_response_gap/lite_scout10k_v1/surfaces/repeat.txt",
  "samples": 10000,
  "seed": 20260715,
  "significant_a_gt_b": false
}
