{
  "ci95": [
    0.028451816450235604,
    0.07141941372762743
  ],
  "delta": 0.04979286450832851,
  "metric": "ndcg@10",
  "num_requests": 515,
  "request_ids_path": "artifacts/history_response_gap/lite_scout10k_v1/surfaces/repeat.txt",
  "samples": 10000,
  "seed": 20260714,
  "significant_a_gt_b": true
}
