{
  "ci95": [
    -0.004260837111562757,
    0.002530926317814841
  ],
  "delta": -0.0008441757047016861,
  "metric": "ndcg@10",
  "num_requests": 2000,
  "samples": 10000,
  "seed": 20260715,
  "significant_a_gt_b": false
}
