{
  "analysis_type": "response_direction_intervention_surface_summary",
  "bootstrap_samples": 2000,
  "ci_metrics": [
    "mean_actual_minus_null_ndcg@10",
    "mean_actual_minus_random_ndcg@10",
    "mean_aligned_minus_actual_ndcg@10",
    "mean_aligned_minus_null_ndcg@10",
    "direction_conversion_efficiency"
  ],
  "empty_surfaces": [
    "no_history",
    "repeated_query",
    "repeated_query_history_present",
    "repeated_query_repeat",
    "repeated_query_strict_nonrepeat"
  ],
  "per_request_path": "runs/20260714_amazon_c4_f_full_v2m3_pairwise_h8_l1024_direction_intervention/per_request_direction_intervention.jsonl",
  "per_request_sha256": "1166ec536de218e5f4d9f11bd754140d8c91cec7fd9e5f520ec278c78ef96833",
  "records_path": "data/standardized/amazon_c4/history_bm25_100_v1/records_dev.jsonl",
  "records_sha256": "ba4f6103332b92062e4f2046fa1311f9507033f4415efb89d193ce6c7db82a63",
  "seed": 20260714,
  "surfaces": {
    "all": {
      "bootstrap_ci95": {
        "query_cluster": {
          "direction_conversion_efficiency": [
            0.3462460485682252,
            0.3913396127724523
          ],
          "mean_actual_minus_null_ndcg@10": [
            0.09878991744885061,
            0.1280341015935996
          ],
          "mean_actual_minus_random_ndcg@10": [
            0.19216625762120534,
            0.2184965654439413
          ],
          "mean_aligned_minus_actual_ndcg@10": [
            0.33543053582239774,
            0.36812208934413426
          ],
          "mean_aligned_minus_null_ndcg@10": [
            0.44611399124013196,
            0.48222425423387527
          ],
          "num_clusters": 1876
        },
        "request": {
          "direction_conversion_efficiency": [
            0.34581483999810847,
            0.39094113911986617
          ],
          "mean_actual_minus_null_ndcg@10": [
            0.0986322138490108,
            0.12759917129029777
          ],
          "mean_actual_minus_random_ndcg@10": [
            0.1915093022934103,
            0.2186118787076215
          ],
          "mean_aligned_minus_actual_ndcg@10": [
            0.3350559322545692,
            0.36819618441472
          ],
          "mean_aligned_minus_null_ndcg@10": [
            0.44702582458969825,
            0.48326778436431905
          ],
          "num_clusters": 1876
        },
        "user_cluster": {
          "direction_conversion_efficiency": [
            0.34662950119199787,
            0.39233471598807873
          ],
          "mean_actual_minus_null_ndcg@10": [
            0.0984376578392626,
            0.1285966731366048
          ],
          "mean_actual_minus_random_ndcg@10": [
            0.19223754125238585,
            0.2190981043617018
          ],
          "mean_aligned_minus_actual_ndcg@10": [
            0.3350047273018209,
            0.367682473516235
          ],
          "mean_aligned_minus_null_ndcg@10": [
            0.4466515859267067,
            0.48277569174208285
          ],
          "num_clusters": 1875
        }
      },
      "direction_conversion_efficiency": 0.36871464124052156,
      "direction_eligible_rate": 1.0,
      "eligible_direction_conversion_efficiency": 0.36871464124052156,
      "eligible_mean_actual_minus_null_ndcg@10": 0.11320572720438364,
      "eligible_mean_actual_minus_random_ndcg@10": 0.20529352946783172,
      "eligible_mean_actual_ndcg@10": 0.6376128931685782,
      "eligible_mean_aligned_minus_actual_ndcg@10": 0.35148807480243033,
      "eligible_mean_aligned_minus_null_ndcg@10": 0.464693802006814,
      "eligible_mean_aligned_ndcg@10": 0.9891009679710084,
      "eligible_mean_anti_aligned_ndcg@10": 0.34573664636351376,
      "eligible_mean_null_ndcg@10": 0.5244071659641946,
      "eligible_mean_random_mean_ndcg@10": 0.4323193637007465,
      "mean_actual_minus_null_ndcg@10": 0.11320572720438364,
      "mean_actual_minus_random_ndcg@10": 0.20529352946783172,
      "mean_actual_ndcg@10": 0.6376128931685782,
      "mean_aligned_minus_actual_ndcg@10": 0.35148807480243033,
      "mean_aligned_minus_null_ndcg@10": 0.464693802006814,
      "mean_aligned_ndcg@10": 0.9891009679710084,
      "mean_anti_aligned_ndcg@10": 0.34573664636351376,
      "mean_null_ndcg@10": 0.5244071659641946,
      "mean_random_mean_ndcg@10": 0.4323193637007465,
      "num_direction_eligible_requests": 1876,
      "num_requests": 1876,
      "surface_request_ids_path": "data/interim/amazon_c4/history_bm25_100_v1/request_surfaces_dev/all.txt",
      "surface_request_ids_sha256": "654feba97eb9c7ea39338368efd613ca581e24793871e2225f594d939da77fb8"
    },
    "history_present": {
      "bootstrap_ci95": {
        "query_cluster": {
          "direction_conversion_efficiency": [
            0.3461205234672516,
            0.39221479408360777
          ],
          "mean_actual_minus_null_ndcg@10": [
            0.09856358845969962,
            0.12795713260686375
          ],
          "mean_actual_minus_random_ndcg@10": [
            0.1918117675256673,
            0.21904363802471258
          ],
          "mean_aligned_minus_actual_ndcg@10": [
            0.335483508366319,
            0.3675870095783209
          ],
          "mean_aligned_minus_null_ndcg@10": [
            0.44811125416031655,
            0.48250899022664123
          ],
          "num_clusters": 1876
        },
        "request": {
          "direction_conversion_efficiency": [
            0.3471846674289248,
            0.392103802901167
          ],
          "mean_actual_minus_null_ndcg@10": [
            0.09884539977127753,
            0.12814127056682523
          ],
          "mean_actual_minus_random_ndcg@10": [
            0.1926394211917369,
            0.21889285203362166
          ],
          "mean_aligned_minus_actual_ndcg@10": [
            0.3348399791514296,
            0.36795926770775406
          ],
          "mean_aligned_minus_null_ndcg@10": [
            0.4469405579360824,
            0.48194926071052496
          ],
          "num_clusters": 1876
        },
        "user_cluster": {
          "direction_conversion_efficiency": [
            0.34642118504472963,
            0.3906555937646095
          ],
          "mean_actual_minus_null_ndcg@10": [
            0.09815524118842069,
            0.12722972382494038
          ],
          "mean_actual_minus_random_ndcg@10": [
            0.19201808328689454,
            0.21792491020522842
          ],
          "mean_aligned_minus_actual_ndcg@10": [
            0.3355569601921883,
            0.3679807259352844
          ],
          "mean_aligned_minus_null_ndcg@10": [
            0.44578320492395873,
            0.4821112195458425
          ],
          "num_clusters": 1875
        }
      },
      "direction_conversion_efficiency": 0.36871464124052156,
      "direction_eligible_rate": 1.0,
      "eligible_direction_conversion_efficiency": 0.36871464124052156,
      "eligible_mean_actual_minus_null_ndcg@10": 0.11320572720438364,
      "eligible_mean_actual_minus_random_ndcg@10": 0.20529352946783172,
      "eligible_mean_actual_ndcg@10": 0.6376128931685782,
      "eligible_mean_aligned_minus_actual_ndcg@10": 0.35148807480243033,
      "eligible_mean_aligned_minus_null_ndcg@10": 0.464693802006814,
      "eligible_mean_aligned_ndcg@10": 0.9891009679710084,
      "eligible_mean_anti_aligned_ndcg@10": 0.34573664636351376,
      "eligible_mean_null_ndcg@10": 0.5244071659641946,
      "eligible_mean_random_mean_ndcg@10": 0.4323193637007465,
      "mean_actual_minus_null_ndcg@10": 0.11320572720438364,
      "mean_actual_minus_random_ndcg@10": 0.20529352946783172,
      "mean_actual_ndcg@10": 0.6376128931685782,
      "mean_aligned_minus_actual_ndcg@10": 0.35148807480243033,
      "mean_aligned_minus_null_ndcg@10": 0.464693802006814,
      "mean_aligned_ndcg@10": 0.9891009679710084,
      "mean_anti_aligned_ndcg@10": 0.34573664636351376,
      "mean_null_ndcg@10": 0.5244071659641946,
      "mean_random_mean_ndcg@10": 0.4323193637007465,