{
  "ci95": [
    -0.009945052263383627,
    0.008524814674183014
  ],
  "delta": -0.0006350321624673854,
  "metric": "ndcg@10",
  "num_requests": 2000,
  "samples": 10000,
  "seed": 20260714,
  "significant_a_gt_b": false
}
