{
  "ci95": [
    0.012624923573543273,
    0.028283939746274047
  ],
  "delta": 0.020354048863052147,
  "metric": "ndcg@10",
  "num_requests": 1868,
  "request_ids_path": "data/interim/amazon_c4/history_bm25_100_v1/request_surfaces_dev/strict_nonrepeat.txt",
  "samples": 5000,
  "seed": 20260714,
  "significant_a_gt_b": true
}
