{
  "analysis_type": "full_token_input_coverage",
  "candidate_capacity_if_context_preserved": {
    "count": 11199,
    "max": 440,
    "mean": 247.06205911242074,
    "min": -58,
    "p50": 251,
    "p90": 303,
    "p95": 317,
    "p99": 362
  },
  "candidate_pairs": 11199,
  "candidate_token_length": {
    "count": 11199,
    "max": 880,
    "mean": 121.95704973658363,
    "min": 7,
    "p50": 79,
    "p90": 277,
    "p95": 376,
    "p99": 513
  },
  "context_preserved_under_configured_truncation": false,
  "context_token_length": {
    "count": 11199,
    "max": 566,
    "mean": 260.93794088757926,
    "min": 68,
    "p50": 257,
    "p90": 321,
    "p95": 348,
    "p99": 410
  },
  "history_budget": 3,
  "history_increment_token_length": {
    "count": 11199,
    "max": 326,
    "mean": 203.1659076703277,
    "min": 37,
    "p50": 206,
    "p90": 244,
    "p95": 253,
    "p99": 271
  },
  "history_present_overflow_pairs": 1434,
  "history_present_overflow_rate": 0.1280471470667024,
  "history_present_requests": 11199,
  "label_fields_read": false,
  "local_files_only": true,
  "max_candidates_per_request": 1,
  "max_length": 512,
  "model_name": "BAAI/bge-reranker-v2-m3",
  "overflow_pair_rate": 0.1280471470667024,
  "overflow_pairs": 1434,
  "overflow_token_count": {
    "count": 11199,
    "max": 759,
    "mean": 15.827395303152068,
    "min": 0,
    "p50": 0,
    "p90": 39,
    "p95": 135,
    "p99": 277
  },
  "pair_special_tokens": 4,
  "pair_token_length_before_truncation": {
    "count": 11199,
    "max": 1271,
    "mean": 386.89499062416286,
    "min": 106,
    "p50": 355,
    "p90": 551,
    "p95": 647,
    "p99": 789
  },
  "qrels_read": false,
  "query_token_length": {
    "count": 11199,
    "max": 301,
    "mean": 57.77203321725154,
    "min": 7,
    "p50": 48,
    "p90": 100,
    "p95": 129,
    "p99": 189
  },
  "records_path": "data/standardized/amazon_c4/history_bm25_100_v1/records_train.jsonl",
  "records_sha256": "e55a02d155266210ee0546c96e67be1db253eb3eccf68a695be4141afeeb64a4",
  "requests": 11199,
  "truncation_strategy": "only_second",
  "unique_candidate_documents": 10394
}
