{
  "ci95": [
    -0.010377584205608454,
    0.004757570433575584
  ],
  "delta": -0.002708771135992026,
  "metric": "ndcg@10",
  "num_requests": 2002,
  "samples": 2000,
  "seed": 20260714,
  "significant_a_gt_b": false
}
