{
  "ci95": [
    0.018068040311279468,
    0.0577122367351131
  ],
  "delta": 0.03738299605266083,
  "metric": "ndcg@10",
  "num_requests": 534,
  "request_ids_path": "artifacts/history_response_gap/full_scout10k_v1/surfaces/repeat.txt",
  "samples": 2000,
  "seed": 20260714,
  "significant_a_gt_b": true
}
