{
  "ci95": [
    -0.14842053198585997,
    -0.12006052331133212
  ],
  "delta": -0.13428227973758983,
  "metric": "ndcg@10",
  "num_requests": 1876,
  "samples": 5000,
  "seed": 20260714,
  "significant_a_gt_b": false
}
