{
  "ci95": [
    0.033695371282126865,
    0.08054391737051853
  ],
  "delta": 0.05740731811350574,
  "metric": "ndcg@10",
  "num_requests": 515,
  "request_ids_path": "artifacts/history_response_gap/lite_scout10k_v1/surfaces/repeat.txt",
  "samples": 10000,
  "seed": 20260714,
  "significant_a_gt_b": true
}
