{
  "ci95": [
    -0.03261431443644286,
    -0.009911908693483991
  ],
  "delta": -0.02113383631726443,
  "metric": "ndcg@10",
  "num_requests": 1868,
  "request_ids_path": "data/interim/amazon_c4/history_bm25_100_v1/request_surfaces_dev/strict_nonrepeat.txt",
  "samples": 5000,
  "seed": 20260714,
  "significant_a_gt_b": false
}
