{
  "ci95": [
    0.04012370765041508,
    0.06334424224414129
  ],
  "delta": 0.0515687609436938,
  "metric": "ndcg@10",
  "num_requests": 2000,
  "samples": 5000,
  "seed": 20260714,
  "significant_a_gt_b": true
}
