{
  "analysis_type": "response_direction_intervention_surface_summary",
  "bootstrap_samples": 2000,
  "ci_metrics": [
    "mean_actual_minus_null_ndcg@10",
    "mean_actual_minus_random_ndcg@10",
    "mean_aligned_minus_actual_ndcg@10",
    "mean_aligned_minus_null_ndcg@10",
    "direction_conversion_efficiency"
  ],
  "empty_surfaces": [
    "no_history",
    "repeated_query",
    "repeated_query_history_present",
    "repeated_query_repeat",
    "repeated_query_strict_nonrepeat"
  ],
  "per_request_path": "runs/20260714_amazon_c4_f_full_v2m3_pairwise_h2_direction_intervention/per_request_direction_intervention.jsonl",
  "per_request_sha256": "04e1be7b6b048ed381aaebf81ded70a0ec7c4b459be3198b1520d45135f5cca0",
  "records_path": "data/standardized/amazon_c4/history_bm25_100_v1/records_dev.jsonl",
  "records_sha256": "ba4f6103332b92062e4f2046fa1311f9507033f4415efb89d193ce6c7db82a63",
  "seed": 20260714,
  "surfaces": {
    "all": {
      "bootstrap_ci95": {
        "query_cluster": {
          "direction_conversion_efficiency": [
            0.2743172364304562,
            0.32084437927717074
          ],
          "mean_actual_minus_null_ndcg@10": [
            0.07095336540591393,
            0.09532210588250613
          ],
          "mean_actual_minus_random_ndcg@10": [
            0.12435778584515429,
            0.1467379699383403
          ],
          "mean_aligned_minus_actual_ndcg@10": [
            0.30521728419900224,
            0.33623489395791917
          ],
          "mean_aligned_minus_null_ndcg@10": [
            0.38745317869909973,
            0.42098552239834397
          ],
          "num_clusters": 1876
        },
        "request": {
          "direction_conversion_efficiency": [
            0.2754221993214178,
            0.3204284755843016
          ],
          "mean_actual_minus_null_ndcg@10": [
            0.07149037107873694,
            0.09498431831207775
          ],
          "mean_actual_minus_random_ndcg@10": [
            0.1250652286463803,
            0.14700738437540176
          ],
          "mean_aligned_minus_actual_ndcg@10": [
            0.30517598809221147,
            0.3365757069288881
          ],
          "mean_aligned_minus_null_ndcg@10": [
            0.3870785793953683,
            0.4205859854204191
          ],
          "num_clusters": 1876
        },
        "user_cluster": {
          "direction_conversion_efficiency": [
            0.2743548459758757,
            0.32160404021382827
          ],
          "mean_actual_minus_null_ndcg@10": [
            0.07120178620929218,
            0.09528901228196952
          ],
          "mean_actual_minus_random_ndcg@10": [
            0.1248281334558717,
            0.14732226353900252
          ],
          "mean_aligned_minus_actual_ndcg@10": [
            0.30518708123918087,
            0.3360075614558198
          ],
          "mean_aligned_minus_null_ndcg@10": [
            0.3875578646623267,
            0.4214875257423003
          ],
          "num_clusters": 1875
        }
      },
      "direction_conversion_efficiency": 0.29750669735685686,
      "direction_eligible_rate": 1.0,
      "eligible_direction_conversion_efficiency": 0.29750669735685686,
      "eligible_mean_actual_minus_null_ndcg@10": 0.08331768627527246,
      "eligible_mean_actual_minus_random_ndcg@10": 0.13584352142233216,
      "eligible_mean_actual_ndcg@10": 0.6517717070864486,
      "eligible_mean_aligned_minus_actual_ndcg@10": 0.32076307812385907,
      "eligible_mean_aligned_minus_null_ndcg@10": 0.4040807643991315,
      "eligible_mean_aligned_ndcg@10": 0.9725347852103076,
      "eligible_mean_anti_aligned_ndcg@10": 0.3873340883688756,
      "eligible_mean_null_ndcg@10": 0.5684540208111761,
      "eligible_mean_random_mean_ndcg@10": 0.5159281856641164,
      "mean_actual_minus_null_ndcg@10": 0.08331768627527246,
      "mean_actual_minus_random_ndcg@10": 0.13584352142233216,
      "mean_actual_ndcg@10": 0.6517717070864486,
      "mean_aligned_minus_actual_ndcg@10": 0.32076307812385907,
      "mean_aligned_minus_null_ndcg@10": 0.4040807643991315,
      "mean_aligned_ndcg@10": 0.9725347852103076,
      "mean_anti_aligned_ndcg@10": 0.3873340883688756,
      "mean_null_ndcg@10": 0.5684540208111761,
      "mean_random_mean_ndcg@10": 0.5159281856641164,
      "num_direction_eligible_requests": 1876,
      "num_requests": 1876,
      "surface_request_ids_path": "data/interim/amazon_c4/history_bm25_100_v1/request_surfaces_dev/all.txt",
      "surface_request_ids_sha256": "654feba97eb9c7ea39338368efd613ca581e24793871e2225f594d939da77fb8"
    },
    "history_present": {
      "bootstrap_ci95": {
        "query_cluster": {
          "direction_conversion_efficiency": [
            0.27494719579117566,
            0.3212051060888628
          ],
          "mean_actual_minus_null_ndcg@10": [
            0.07116626787473007,
            0.09602547021629179
          ],
          "mean_actual_minus_random_ndcg@10": [
            0.12465433748024683,
            0.14772212880962712
          ],
          "mean_aligned_minus_actual_ndcg@10": [
            0.3054790405783845,
            0.3362783608828776
          ],
          "mean_aligned_minus_null_ndcg@10": [
            0.3873677434558284,
            0.4206705243604757
          ],
          "num_clusters": 1876
        },
        "request": {
          "direction_conversion_efficiency": [
            0.2751137349472613,
            0.321181630491683
          ],
          "mean_actual_minus_null_ndcg@10": [
            0.07070004663431241,
            0.09596067955132112
          ],
          "mean_actual_minus_random_ndcg@10": [
            0.12470156286138086,
            0.14716139731065778
          ],
          "mean_aligned_minus_actual_ndcg@10": [
            0.30422421358989693,
            0.3367474887449884
          ],
          "mean_aligned_minus_null_ndcg@10": [
            0.38688198759728704,
            0.4209094205014264
          ],
          "num_clusters": 1876
        },
        "user_cluster": {
          "direction_conversion_efficiency": [
            0.2742377864094746,
            0.3202140339147468
          ],
          "mean_actual_minus_null_ndcg@10": [
            0.07061448773686603,
            0.09550568516654642
          ],
          "mean_actual_minus_random_ndcg@10": [
            0.12460403558689494,
            0.1469803322527718
          ],
          "mean_aligned_minus_actual_ndcg@10": [
            0.3049463518471745,
            0.33647482398580203
          ],
          "mean_aligned_minus_null_ndcg@10": [
            0.3872844482241314,
            0.4222986504204003
          ],
          "num_clusters": 1875
        }
      },
      "direction_conversion_efficiency": 0.29750669735685686,
      "direction_eligible_rate": 1.0,
      "eligible_direction_conversion_efficiency": 0.29750669735685686,
      "eligible_mean_actual_minus_null_ndcg@10": 0.08331768627527246,
      "eligible_mean_actual_minus_random_ndcg@10": 0.13584352142233216,
      "eligible_mean_actual_ndcg@10": 0.6517717070864486,
      "eligible_mean_aligned_minus_actual_ndcg@10": 0.32076307812385907,
      "eligible_mean_aligned_minus_null_ndcg@10": 0.4040807643991315,
      "eligible_mean_aligned_ndcg@10": 0.9725347852103076,
      "eligible_mean_anti_aligned_ndcg@10": 0.3873340883688756,
      "eligible_mean_null_ndcg@10": 0.5684540208111761,
      "eligible_mean_random_mean_ndcg@10": 0.5159281856641164,
      "mean_actual_minus_null_ndcg@10": 0.08331768627527246,
      "mean_actual_minus_random_ndcg@10": 0.13584352142233216,
      "mean_actual_ndcg@10": 0.6517717070864486,
      "mean_aligned_minus_actual_ndcg@10": 0.32076307812385907,
      "mean_aligned_minus_null_ndcg@10": 0.4040807643991315,
      "mean_aligned_ndcg@10": 0.9725347852103076,
      "mean_anti_aligned_ndcg@10": 0.3873340883688756,
      "mean_null_ndcg@10": 0.5684540208111761,
      "mean_random_mean_ndcg@10": 0.5159281856641164,