{
  "ci95": [
    -0.0029368002058144187,
    0.01565456942759341
  ],
  "delta": 0.006481747310797554,
  "metric": "ndcg@10",
  "num_requests": 2000,
  "samples": 10000,
  "seed": 20260714,
  "significant_a_gt_b": false
}
