{
  "analysis_type": "history_response_surface_summary",
  "bootstrap_samples": 2000,
  "ci_metrics": [
    "common_mode_ratio",
    "mean_pairwise_directional_accuracy",
    "mean_signed_delta_alignment",
    "mean_true_minus_null_ndcg@10",
    "mean_true_minus_wrong_ndcg@10"
  ],
  "empty_surfaces": [
    "no_history",
    "repeated_query",
    "repeated_query_history_present",
    "repeated_query_repeat",
    "repeated_query_strict_nonrepeat"
  ],
  "per_request_path": "runs/20260714_amazon_c4_f_full_v2m3_pairwise_h2_history_response/per_request_history_response.jsonl",
  "per_request_sha256": "d1812bac2133ca839aa3e97546d200af5127e538558fcb5d4d49897d9d9c4017",
  "records_path": "data/standardized/amazon_c4/history_bm25_100_v1/records_dev.jsonl",
  "records_sha256": "ba4f6103332b92062e4f2046fa1311f9507033f4415efb89d193ce6c7db82a63",
  "seed": 20260714,
  "surfaces": {
    "all": {
      "active_response_harm_rate": 0.14072494669509594,
      "active_response_precision": 0.3288912579957356,
      "active_response_rate": 1.0,
      "bootstrap_ci95": {
        "query_cluster": {
          "common_mode_ratio": [
            0.20225013863675734,
            0.24873846229746507
          ],
          "mean_pairwise_directional_accuracy": [
            0.7271106201170875,
            0.7550594464583792
          ],
          "mean_signed_delta_alignment": [
            0.4535753052917232,
            0.5096356959789796
          ],
          "mean_true_minus_null_ndcg@10": [
            0.07095336540591393,
            0.09532210588250613
          ],
          "mean_true_minus_wrong_ndcg@10": [
            0.011640459642931561,
            0.02916237505749887
          ],
          "num_clusters": 1876
        },
        "request": {
          "common_mode_ratio": [
            0.20332080847934692,
            0.24880892853225453
          ],
          "mean_pairwise_directional_accuracy": [
            0.7267999107603852,
            0.755061345182524
          ],
          "mean_signed_delta_alignment": [
            0.45323011565548876,
            0.5092564235101549
          ],
          "mean_true_minus_null_ndcg@10": [
            0.07149037107873694,
            0.09498431831207775
          ],
          "mean_true_minus_wrong_ndcg@10": [
            0.011157265661120956,
            0.029085861788916128
          ],
          "num_clusters": 1876
        },
        "user_cluster": {
          "common_mode_ratio": [
            0.20321086234232516,
            0.2487734862652184
          ],
          "mean_pairwise_directional_accuracy": [
            0.7270210231993157,
            0.7547831505442089
          ],
          "mean_signed_delta_alignment": [
            0.453498127946128,
            0.5089194719045466
          ],
          "mean_true_minus_null_ndcg@10": [
            0.07120178620929218,
            0.09528901228196952
          ],
          "mean_true_minus_wrong_ndcg@10": [
            0.011648706806337067,
            0.029168130005811702
          ],
          "num_clusters": 1875
        }
      },
      "common_mode_ratio": 0.22530753202750228,
      "direction_eligible_rate": 1.0,
      "mean_active_pair_fraction": 0.9161495627174657,
      "mean_direction_pair_coverage": 0.9961290947858112,
      "mean_pairwise_directional_accuracy": 0.7408081892604992,
      "mean_signed_delta_alignment": 0.48116592362861016,
      "mean_true_minus_null_ndcg@10": 0.08331768627527246,
      "mean_true_minus_wrong_ndcg@10": 0.020195235952968644,
      "mean_true_ndcg@10": 0.6517717070864486,
      "mean_true_over_wrong_signed_alignment": 0.0566709741336607,
      "num_active_direction_requests": 1876,
      "num_active_requests": 1876,
      "num_direction_eligible_requests": 1876,
      "num_requests": 1876,
      "surface_request_ids_path": "data/interim/amazon_c4/history_bm25_100_v1/request_surfaces_dev/all.txt",
      "surface_request_ids_sha256": "654feba97eb9c7ea39338368efd613ca581e24793871e2225f594d939da77fb8"
    },
    "history_present": {
      "active_response_harm_rate": 0.14072494669509594,
      "active_response_precision": 0.3288912579957356,
      "active_response_rate": 1.0,
      "bootstrap_ci95": {
        "query_cluster": {
          "common_mode_ratio": [
            0.20367951969264486,
            0.2501181375141483
          ],
          "mean_pairwise_directional_accuracy": [
            0.7268897392693694,
            0.755029152614547
          ],
          "mean_signed_delta_alignment": [
            0.45340026060175315,
            0.5095410393917856
          ],
          "mean_true_minus_null_ndcg@10": [
            0.07116626787473007,
            0.09602547021629179
          ],
          "mean_true_minus_wrong_ndcg@10": [
            0.011555470545839644,
            0.02921909863374379
          ],
          "num_clusters": 1876
        },
        "request": {
          "common_mode_ratio": [
            0.20428973736321931,
            0.24948841767359084
          ],
          "mean_pairwise_directional_accuracy": [
            0.7268885909099774,
            0.7548767304292474
          ],
          "mean_signed_delta_alignment": [
            0.4533242338093085,
            0.508981176369236
          ],
          "mean_true_minus_null_ndcg@10": [
            0.07070004663431241,
            0.09596067955132112
          ],
          "mean_true_minus_wrong_ndcg@10": [
            0.011662845611589737,
            0.02937273666869947
          ],
          "num_clusters": 1876
        },
        "user_cluster": {
          "common_mode_ratio": [
            0.20453477438690057,
            0.2507882775863368
          ],
          "mean_pairwise_directional_accuracy": [
            0.7268448339319904,
            0.7552377754389279
          ],
          "mean_signed_delta_alignment": [
            0.4530314882154882,
            0.5099955333839191
          ],
          "mean_true_minus_null_ndcg@10": [
            0.07061448773686603,
            0.09550568516654642
          ],
          "mean_true_minus_wrong_ndcg@10": [
            0.011776593753023453,
            0.02856309075932902
          ],
          "num_clusters": 1875
        }
      },
      "common_mode_ratio": 0.22530753202750228,
      "direction_eligible_rate": 1.0,
      "mean_active_pair_fraction": 0.9161495627174657,
      "mean_direction_pair_coverage": 0.9961290947858112,
      "mean_pairwise_directional_accuracy": 0.7408081892604992,
      "mean_signed_delta_alignment": 0.48116592362861016,
      "mean_true_minus_null_ndcg@10": 0.08331768627527246,
      "mean_true_minus_wrong_ndcg@10": 0.020195235952968644,
      "mean_true_ndcg@10": 0.6517717070864486,
      "mean_true_over_wrong_signed_alignment": 0.0566709741336607,
      "num_active_direction_requests": 1876,
      "num_active_requests": 1876,
      "num_direction_eligible_requests": 1876,
      "num_requests": 1876,
      "surface_request_ids_path": "data/interim/amazon_c4/history_bm25_100_v1/request_surfaces_dev/history_present.txt",
      "surface_request_ids_sha256": "654feba97eb9c7ea39338368efd613ca581e24793871e2225f594d939da77fb8"
    },
    "repeat": {
      "active_response_harm_rate": 0.0,
      "active_response_precision": 0.375,
      "active_response_rate": 1.0,
      "bootstrap_ci95": {
        "query_cluster": {
          "common_mode_ratio": [
            0.09288093202908451,
            0.3492747479291472
          ],
          "mean_pairwise_directional_accuracy": [
            0.7755176767676768,
            0.9475
          ],
          "mean_signed_delta_alignment": [
            0.5510353535353535,
            0.895
          ],
          "mean_true_minus_null_ndcg@10": [
            0.006689934237651039,
            0.2874340234641254
          ],
          "mean_true_minus_wrong_ndcg@10": [
            -0.016433906564569285,
            0.2299301972870469
          ],
          "num_clusters": 8
        },