{
  "ci95": [
    0.00509920864887311,
    0.022311395061147706
  ],
  "delta": 0.013682270285502307,
  "metric": "ndcg@10",
  "num_requests": 2002,
  "samples": 5000,
  "seed": 20260714,
  "significant_a_gt_b": true
}
