{
  "ci95": [
    -0.003594032218114742,
    0.013889844312888384
  ],
  "delta": 0.005205217873323961,
  "metric": "ndcg@10",
  "num_requests": 2000,
  "samples": 10000,
  "seed": 20260714,
  "significant_a_gt_b": false
}
