{
  "ci95": [
    -0.004335421406216645,
    0.0033517531885173765
  ],
  "delta": -0.0004367693965476388,
  "metric": "ndcg@10",
  "num_requests": 2000,
  "samples": 10000,
  "seed": 20260715,
  "significant_a_gt_b": false
}
