{
  "ci95": [
    0.016958594175923748,
    0.04125350982614278
  ],
  "delta": 0.028871537988340162,
  "metric": "ndcg@10",
  "num_requests": 1520,
  "request_ids_path": "data/interim/jdsearch/hash_scout10k_v3/request_surfaces_dev/strict_nonrepeat.txt",
  "samples": 5000,
  "seed": 20260714,
  "significant_a_gt_b": true
}
