{
  "ci95": [
    -0.0532346749792844,
    -0.028096913972985388
  ],
  "delta": -0.04065235274976763,
  "metric": "ndcg@10",
  "num_requests": 1520,
  "request_ids_path": "data/interim/jdsearch/hash_scout10k_v3/request_surfaces_dev/strict_nonrepeat.txt",
  "samples": 5000,
  "seed": 20260714,
  "significant_a_gt_b": false
}
