{
  "ci95": [
    -0.04901623655838649,
    -0.02721931383662903
  ],
  "delta": -0.03816154980380061,
  "metric": "ndcg@10",
  "num_requests": 2000,
  "samples": 5000,
  "seed": 20260714,
  "significant_a_gt_b": false
}
