{
  "ci95": [
    -0.046527508671589064,
    -0.022747454014558324
  ],
  "delta": -0.034722541725612656,
  "metric": "ndcg@10",
  "num_requests": 1520,
  "request_ids_path": "data/interim/jdsearch/hash_scout10k_v3/request_surfaces_dev/strict_nonrepeat.txt",
  "samples": 5000,
  "seed": 20260714,
  "significant_a_gt_b": false
}
