{
  "analysis_type": "full_token_input_coverage",
  "candidate_capacity_if_context_preserved": {
    "count": 1876,
    "max": 427,
    "mean": 313.07036247334753,
    "min": 113,
    "p50": 317,
    "p90": 360,
    "p95": 370,
    "p99": 390
  },
  "candidate_pairs": 1876,
  "candidate_token_length": {
    "count": 1876,
    "max": 733,
    "mean": 122.46535181236673,
    "min": 10,
    "p50": 80,
    "p90": 278,
    "p95": 355,
    "p99": 513
  },
  "context_preserved_under_configured_truncation": true,
  "context_token_length": {
    "count": 1876,
    "max": 395,
    "mean": 194.92963752665244,
    "min": 81,
    "p50": 191,
    "p90": 246,
    "p95": 270,
    "p99": 320
  },
  "history_assignments_path": "data/interim/amazon_c4/history_bm25_100_v1/history_assignments_train_donor_v1/wrong.jsonl",
  "history_assignments_sha256": "183123f55eb1f8b5e76b59615f75406afc9d3bee48a5500550b555e5de11a6e8",
  "history_budget": 2,
  "history_increment_token_length": {
    "count": 1876,
    "max": 226,
    "mean": 138.74840085287846,
    "min": 38,
    "p50": 139,
    "p90": 170,
    "p95": 177,
    "p99": 190
  },
  "history_present_overflow_pairs": 144,
  "history_present_overflow_rate": 0.0767590618336887,
  "history_present_requests": 1876,
  "label_fields_read": false,
  "local_files_only": true,
  "max_candidates_per_request": 1,
  "max_length": 512,
  "model_name": "BAAI/bge-reranker-v2-m3",
  "overflow_pair_rate": 0.0767590618336887,
  "overflow_pairs": 144,
  "overflow_token_count": {
    "count": 1876,
    "max": 439,
    "mean": 7.86407249466951,
    "min": 0,
    "p50": 0,
    "p90": 0,
    "p95": 45,
    "p99": 199
  },
  "pair_special_tokens": 4,
  "pair_token_length_before_truncation": {
    "count": 1876,
    "max": 951,
    "mean": 321.39498933901916,
    "min": 112,
    "p50": 289,
    "p90": 472,
    "p95": 557,
    "p99": 711
  },
  "qrels_read": false,
  "query_token_length": {
    "count": 1876,
    "max": 247,
    "mean": 56.18123667377399,
    "min": 12,
    "p50": 47,
    "p90": 96,
    "p95": 128,
    "p99": 173
  },
  "records_path": "data/standardized/amazon_c4/history_bm25_100_v1/records_dev.jsonl",
  "records_sha256": "ba4f6103332b92062e4f2046fa1311f9507033f4415efb89d193ce6c7db82a63",
  "requests": 1876,
  "truncation_strategy": "only_second",
  "unique_candidate_documents": 1826
}
