{
  "ci95": [
    -0.02286216880444982,
    -0.009078713374154617
  ],
  "delta": -0.015947103116299488,
  "metric": "ndcg@10",
  "num_requests": 1876,
  "samples": 5000,
  "seed": 20260714,
  "significant_a_gt_b": false
}
