{
  "ci95": [
    -0.07308809909078656,
    -0.029873843321168273
  ],
  "delta": -0.05124624722747184,
  "metric": "ndcg@10",
  "num_requests": 480,
  "request_ids_path": "data/interim/jdsearch/hash_scout10k_v3/request_surfaces_dev/repeat.txt",
  "samples": 5000,
  "seed": 20260714,
  "significant_a_gt_b": false
}
