{
  "ci95": [
    0.0025992706866689954,
    0.02106293786002967
  ],
  "delta": 0.011973401986123818,
  "metric": "ndcg@10",
  "num_requests": 1285,
  "request_ids_path": "data/interim/kuaisearch/full_scout10k_query_history_v1/request_surfaces_dev/strict_nonrepeat.txt",
  "samples": 5000,
  "seed": 20260714,
  "significant_a_gt_b": true
}
