{
  "ci95": [
    -0.0018602512134924067,
    0.011029402340674817
  ],
  "delta": 0.004508259652925971,
  "metric": "ndcg@10",
  "num_requests": 2000,
  "samples": 10000,
  "seed": 20260714,
  "significant_a_gt_b": false
}
