{
  "ci95": [
    -0.006272925085889416,
    0.011108061069538301
  ],
  "delta": 0.002381050526138371,
  "metric": "ndcg@10",
  "num_requests": 2002,
  "samples": 2000,
  "seed": 20260714,
  "significant_a_gt_b": false
}
