{
  "ci95": [
    -0.008063822305141294,
    0.004747738912375207
  ],
  "delta": -0.0014382864072453277,
  "metric": "ndcg@10",
  "num_requests": 1112,
  "request_ids_path": "artifacts/history_response_gap/lite_scout10k_v1/surfaces/strict_nonrepeat.txt",
  "samples": 10000,
  "seed": 20260714,
  "significant_a_gt_b": false
}
