{
  "ci95": [
    -0.05407844867354127,
    -0.032512876122632664
  ],
  "delta": -0.04319488742441664,
  "metric": "ndcg@10",
  "num_requests": 2000,
  "samples": 5000,
  "seed": 20260714,
  "significant_a_gt_b": false
}
