{
  "ci95": [
    -0.00411414972322622,
    0.016491445467189652
  ],
  "delta": 0.006029080309231978,
  "metric": "ndcg@10",
  "num_requests": 1112,
  "request_ids_path": "artifacts/history_response_gap/lite_scout10k_v1/surfaces/strict_nonrepeat.txt",
  "samples": 2000,
  "seed": 20260714,
  "significant_a_gt_b": false
}
