{
  "ci95": [
    -0.014900894831333196,
    0.009103896334200643
  ],
  "delta": -0.002777114276289162,
  "metric": "ndcg@10",
  "num_requests": 1112,
  "request_ids_path": "artifacts/history_response_gap/lite_scout10k_v1/surfaces/strict_nonrepeat.txt",
  "samples": 10000,
  "seed": 20260714,
  "significant_a_gt_b": false
}
