{
  "ci95": [
    -0.004517842511338355,
    0.00970028348886574
  ],
  "delta": 0.002622350733012702,
  "metric": "ndcg@10",
  "num_requests": 1876,
  "samples": 5000,
  "seed": 20260714,
  "significant_a_gt_b": false
}
