{
  "ci95": [
    0.00632405047046359,
    0.024305883183051817
  ],
  "delta": 0.015446460275307574,
  "metric": "ndcg@10",
  "num_requests": 2000,
  "samples": 2000,
  "seed": 20260714,
  "significant_a_gt_b": true
}
