{
  "ci95": [
    -0.015714704443927984,
    0.007554962837438483
  ],
  "delta": -0.0037622099730278257,
  "metric": "ndcg@10",
  "num_requests": 1112,
  "request_ids_path": "artifacts/history_response_gap/lite_scout10k_v1/surfaces/strict_nonrepeat.txt",
  "samples": 10000,
  "seed": 20260714,
  "significant_a_gt_b": false
}
