{
  "ci95": [
    -0.0051166088383455335,
    0.010911992855573519
  ],
  "delta": 0.002814149632023901,
  "metric": "ndcg@10",
  "num_requests": 2000,
  "samples": 10000,
  "seed": 20260714,
  "significant_a_gt_b": false
}
