{
  "ci95": [
    0.0003595468735418063,
    0.018560278386694173
  ],
  "delta": 0.009507847714565,
  "metric": "ndcg@10",
  "num_requests": 2000,
  "samples": 10000,
  "seed": 20260714,
  "significant_a_gt_b": true
}
