{
  "ci95": [
    -0.003434410907577928,
    0.00978349143526331
  ],
  "delta": 0.0030909250428526854,
  "metric": "ndcg@10",
  "num_requests": 2000,
  "samples": 10000,
  "seed": 20260714,
  "significant_a_gt_b": false
}
