{
  "ci95": [
    0.019094613723108066,
    0.06528176265427278
  ],
  "delta": 0.041730904906568785,
  "metric": "ndcg@10",
  "num_requests": 515,
  "request_ids_path": "artifacts/history_response_gap/lite_scout10k_v1/surfaces/repeat.txt",
  "samples": 2000,
  "seed": 20260714,
  "significant_a_gt_b": true
}
