{
  "ci95": [
    2.6491860150096366e-05,
    0.01970030962758351
  ],
  "delta": 0.00990579813033645,
  "metric": "ndcg@10",
  "num_requests": 2000,
  "samples": 10000,
  "seed": 20260714,
  "significant_a_gt_b": true
}
