{
  "analysis_type": "full_token_input_coverage",
  "candidate_capacity_if_context_preserved": {
    "count": 1876,
    "max": 928,
    "mean": 476.36673773987206,
    "min": 167,
    "p50": 455,
    "p90": 650,
    "p95": 749,
    "p99": 872
  },
  "candidate_pairs": 1876,
  "candidate_token_length": {
    "count": 1876,
    "max": 733,
    "mean": 122.46535181236673,
    "min": 10,
    "p50": 80,
    "p90": 278,
    "p95": 355,
    "p99": 513
  },
  "context_preserved_under_configured_truncation": true,
  "context_token_length": {
    "count": 1876,
    "max": 853,
    "mean": 543.6332622601279,
    "min": 92,
    "p50": 565,
    "p90": 666,
    "p95": 700,
    "p99": 749
  },
  "history_assignments_path": null,
  "history_assignments_sha256": null,
  "history_budget": 8,
  "history_increment_token_length": {
    "count": 1876,
    "max": 707,
    "mean": 487.45202558635395,
    "min": 51,
    "p50": 514,
    "p90": 600,
    "p95": 621,
    "p99": 647
  },
  "history_present_overflow_pairs": 47,
  "history_present_overflow_rate": 0.025053304904051173,
  "history_present_requests": 1876,
  "label_fields_read": false,
  "local_files_only": true,
  "max_candidates_per_request": 1,
  "max_length": 1024,
  "model_name": "BAAI/bge-reranker-v2-m3",
  "overflow_pair_rate": 0.025053304904051173,
  "overflow_pairs": 47,
  "overflow_token_count": {
    "count": 1876,
    "max": 366,
    "mean": 2.2574626865671643,
    "min": 0,
    "p50": 0,
    "p90": 0,
    "p95": 0,
    "p99": 77
  },
  "pair_special_tokens": 4,
  "pair_token_length_before_truncation": {
    "count": 1876,
    "max": 1390,
    "mean": 670.0986140724947,
    "min": 123,
    "p50": 666,
    "p90": 867,
    "p95": 949,
    "p99": 1101
  },
  "qrels_read": false,
  "query_token_length": {
    "count": 1876,
    "max": 247,
    "mean": 56.18123667377399,
    "min": 12,
    "p50": 47,
    "p90": 96,
    "p95": 128,
    "p99": 173
  },
  "records_path": "data/standardized/amazon_c4/history_bm25_100_v1/records_dev.jsonl",
  "records_sha256": "ba4f6103332b92062e4f2046fa1311f9507033f4415efb89d193ce6c7db82a63",
  "requests": 1876,
  "truncation_strategy": "only_second",
  "unique_candidate_documents": 1826
}
