{
  "analysis_type": "full_token_input_coverage",
  "candidate_capacity_if_context_preserved": {
    "count": 11199,
    "max": 440,
    "mean": 309.5846950620591,
    "min": 20,
    "p50": 315,
    "p90": 357,
    "p95": 367,
    "p99": 388
  },
  "candidate_pairs": 11199,
  "candidate_token_length": {
    "count": 11199,
    "max": 880,
    "mean": 121.95704973658363,
    "min": 7,
    "p50": 79,
    "p90": 277,
    "p95": 376,
    "p99": 513
  },
  "context_preserved_under_configured_truncation": true,
  "context_token_length": {
    "count": 11199,
    "max": 488,
    "mean": 198.41530493794087,
    "min": 68,
    "p50": 193,
    "p90": 251,
    "p95": 278,
    "p99": 339
  },
  "history_budget": 2,
  "history_increment_token_length": {
    "count": 11199,
    "max": 267,
    "mean": 140.64327172068934,
    "min": 37,
    "p50": 141,
    "p90": 171,
    "p95": 179,
    "p99": 192
  },
  "history_present_overflow_pairs": 930,
  "history_present_overflow_rate": 0.08304312885079025,
  "history_present_requests": 11199,
  "label_fields_read": false,
  "local_files_only": true,
  "max_candidates_per_request": 1,
  "max_length": 512,
  "model_name": "BAAI/bge-reranker-v2-m3",
  "overflow_pair_rate": 0.08304312885079025,
  "overflow_pairs": 930,
  "overflow_token_count": {
    "count": 11199,
    "max": 698,
    "mean": 9.065452272524332,
    "min": 0,
    "p50": 0,
    "p90": 0,
    "p95": 68,
    "p99": 209
  },
  "pair_special_tokens": 4,
  "pair_token_length_before_truncation": {
    "count": 11199,
    "max": 1210,
    "mean": 324.3723546745245,
    "min": 106,
    "p50": 290,
    "p90": 483,
    "p95": 580,
    "p99": 721
  },
  "qrels_read": false,
  "query_token_length": {
    "count": 11199,
    "max": 301,
    "mean": 57.77203321725154,
    "min": 7,
    "p50": 48,
    "p90": 100,
    "p95": 129,
    "p99": 189
  },
  "records_path": "data/standardized/amazon_c4/history_bm25_100_v1/records_train.jsonl",
  "records_sha256": "e55a02d155266210ee0546c96e67be1db253eb3eccf68a695be4141afeeb64a4",
  "requests": 11199,
  "truncation_strategy": "only_second",
  "unique_candidate_documents": 10394
}
