{
  "ci95": [
    -0.0015954416946230487,
    0.03243747555596674
  ],
  "delta": 0.015419591423206773,
  "metric": "ndcg@10",
  "num_requests": 515,
  "request_ids_path": "artifacts/history_response_gap/lite_scout10k_v1/surfaces/repeat.txt",
  "samples": 10000,
  "seed": 20260714,
  "significant_a_gt_b": false
}
