{
  "C53_A_reserve_dev_test_qrels_opened": false,
  "candidate_id": "c55",
  "claims": {
    "architecture_innovation": false,
    "fresh_result": false,
    "signal_falsifier": true
  },
  "created_at": "2026-07-12T04:42:14.890848+00:00",
  "decision": "close_probability_residual_on_frozen_states",
  "domains": {
    "amazon": {
      "checks": {
        "C53_A_reserve_dev_test_qrels_closed": true,
        "all_seed_directions_positive": false,
        "all_seed_execution_checks": true,
        "mse_gain_over_raw": false,
        "mse_gain_over_wrong": false,
        "mse_gain_over_zero": true,
        "mse_intervals_positive": false,
        "ndcg_gain_over_base": false,
        "ndcg_gain_over_raw": false,
        "ndcg_gain_over_wrong": false,
        "ndcg_intervals_positive": false
      },
      "comparisons": {
        "mse_raw_minus_primary": {
          "mean": -4.615161635835345e-05,
          "percentile_95_ci": [
            -6.112940782622901e-05,
            -3.0954866410562925e-05
          ],
          "requests": 1200,
          "samples": 10000,
          "seed": 20263924
        },
        "mse_wrong_minus_primary": {
          "mean": -4.463210085911366e-06,
          "percentile_95_ci": [
            -1.2095697687982464e-05,
            3.1964949606238704e-06
          ],
          "requests": 1200,
          "samples": 10000,
          "seed": 20263925
        },
        "mse_zero_minus_primary": {
          "mean": 0.00013898682790265107,
          "percentile_95_ci": [
            0.00011516838466923218,
            0.00016419955597181494
          ],
          "requests": 1200,
          "samples": 10000,
          "seed": 20263923
        },
        "ndcg_primary_minus_base": {
          "mean": 0.00027158076313633987,
          "percentile_95_ci": [
            -0.0004952657213751656,
            0.0010244863241702484
          ],
          "requests": 1200,
          "samples": 10000,
          "seed": 20263920
        },
        "ndcg_primary_minus_raw": {
          "mean": -0.0007486686145010155,
          "percentile_95_ci": [
            -0.0017743520410873988,
            0.0002636833582952657
          ],
          "requests": 1200,
          "samples": 10000,
          "seed": 20263921
        },
        "ndcg_primary_minus_wrong": {
          "mean": 3.55089912271773e-05,
          "percentile_95_ci": [
            -7.405038586995126e-05,
            0.00015402854164085143
          ],
          "requests": 1200,
          "samples": 10000,
          "seed": 20263922
        }
      },
      "mean_clicked_direction": {
        "primary": 0.015275302407879015,
        "raw": 0.021338317740239934,
        "wrong": 0.015173391472274792
      },
      "mean_ndcg10": {
        "base": 0.2346942216766907,
        "primary": 0.234965802439827,
        "raw": 0.235714471054328,
        "wrong": 0.23493029344859986
      },
      "mean_residual_cosine": {
        "primary": 0.12411244511678281,
        "raw": 0.14173660449938325,
        "wrong": 0.1245482474804036
      },
      "mean_residual_mse": {
        "primary": 0.00940364017743074,
        "raw": 0.009357488561072387,
        "wrong": 0.00939917696734483,
        "zero": 0.009542627005333391
      },
      "relative_mse_gain": {
        "over_raw": -0.0049320515923840635,
        "over_wrong": -0.0004748511599916151,
        "over_zero": 0.014564839202556239
      },
      "requests": 1200,
      "seed_directions": {
        "20263911": {
          "mse_over_raw": -4.5899124743301045e-05,
          "mse_over_wrong": -5.022321298991245e-06,
          "mse_over_zero": 0.00012239311635009117,
          "ndcg_over_base": 0.000526579370947633,
          "ndcg_over_raw": -0.00017314317904393306,
          "ndcg_over_wrong": 0.0003083364767391128
        },
        "20263912": {
          "mse_over_raw": -8.406469297672983e-05,
          "mse_over_wrong": 1.5159957304951288e-07,
          "mse_over_zero": 9.83038296302162e-05,
          "ndcg_over_base": 0.00037066883983238874,
          "ndcg_over_raw": -0.0004817327672714533,
          "ndcg_over_wrong": -0.0001835726162136564
        },
        "20263913": {
          "mse_over_raw": -6.840776545383696e-05,
          "mse_over_wrong": -1.7989224773676607e-05,
          "mse_over_zero": 0.00010428335517644917,
          "ndcg_over_base": 0.0006730600568222167,
          "ndcg_over_raw": -0.0005201602395871474,
          "ndcg_over_wrong": 0.00046353710282370786
        }
      },
      "status": "failed"
    },
    "kuai": {
      "checks": {
        "C53_A_reserve_dev_test_qrels_closed": true,
        "all_seed_directions_positive": false,
        "all_seed_execution_checks": false,
        "mse_gain_over_raw": false,
        "mse_gain_over_wrong": false,
        "mse_gain_over_zero": false,
        "mse_intervals_positive": false,
        "ndcg_gain_over_base": false,
        "ndcg_gain_over_raw": false,
        "ndcg_gain_over_wrong": false,
        "ndcg_intervals_positive": false
      },
      "comparisons": {
        "mse_raw_minus_primary": {
          "mean": 8.690964401466772e-05,
          "percentile_95_ci": [
            -1.796016942034839e-05,
            0.0001866150415118378
          ],
          "requests": 1200,
          "samples": 10000,
          "seed": 20263924
        },
        "mse_wrong_minus_primary": {
          "mean": -1.4071318770826717e-05,
          "percentile_95_ci": [
            -8.286359647142186e-05,
            5.5012255355601676e-05
          ],
          "requests": 1200,
          "samples": 10000,
          "seed": 20263925
        },
        "mse_zero_minus_primary": {
          "mean": 0.0001937439023489181,
          "percentile_95_ci": [
            7.872921330492014e-05,
            0.00030760914624723527
          ],
          "requests": 1200,
          "samples": 10000,
          "seed": 20263923
        },
        "ndcg_primary_minus_base": {
          "mean": 0.0,
          "percentile_95_ci": [
            0.0,
            0.0
          ],
          "requests": 1200,
          "samples": 10000,
          "seed": 20263920
        },
        "ndcg_primary_minus_raw": {
          "mean": -0.00017370072120900394,
          "percentile_95_ci": [
            -0.0004998463820921097,
            0.00011920928833129936
          ],
          "requests": 1200,
          "samples": 10000,
          "seed": 20263921
        },
        "ndcg_primary_minus_wrong": {
          "mean": 0.0,
          "percentile_95_ci": [
            0.0,
            0.0
          ],
          "requests": 1200,
          "samples": 10000,
          "seed": 20263922
        }
      },
      "mean_clicked_direction": {
        "primary": 0.009579114528014732,
        "raw": 0.009625749669204804,
        "wrong": 0.010058432198359906
      },
      "mean_ndcg10": {
        "base": 0.5797939822376675,
        "primary": 0.5797939822376675,
        "raw": 0.5799676829588766,
        "wrong": 0.5797939822376675
      },
      "mean_residual_cosine": {
        "primary": 0.11444779130647173,
        "raw": 0.10905642631686836,
        "wrong": 0.10067415264992936
      },
      "mean_residual_mse": {
        "primary": 0.0347260288509339,
        "raw": 0.03481293849494856,
        "wrong": 0.03471195753216307,
        "zero": 0.03491977275328281
      },
      "relative_mse_gain": {
        "over_raw": 0.002496475384497488,
        "over_wrong": -0.00040537381845401707,
        "over_zero": 0.005548257822803275
      },
      "requests": 1200,
      "seed_directions": {
        "20263901": {
          "mse_over_raw": 8.483804080242768e-05,
          "mse_over_wrong": 8.604661215945442e-06,
          "mse_over_zero": 0.00012946208670049086,
          "ndcg_over_base": 6.689934237658068e-05,
          "ndcg_over_raw": -5.1359929442273966e-05,
          "ndcg_over_wrong": 0.0
        },
        "20263902": {
          "mse_over_raw": 5.0825789330702364e-05,