{
  "best_global_method": "static_b7_bge",
  "best_global_metric": 0.3305274446695661,
  "bootstrap": {
    "ci95": [
      0.21222706907417838,
      0.22043138787286848
    ],
    "ci95_relative": [
      0.6420860733254553,
      0.6669079721753136
    ],
    "samples": 10000,
    "seed": 20260708
  },
  "choice_distribution": {
    "full_b5_adapter": {
      "count": 991,
      "rate": 0.08103687954861395
    },
    "full_b6_adapter": {
      "count": 876,
      "rate": 0.0716330035162319
    },
    "history_b0b": {
      "count": 2549,
      "rate": 0.20843895657862457
    },
    "history_b4_adapter": {
      "count": 1488,
      "rate": 0.12167797857551721
    },
    "llm_b8a_h20": {
      "count": 38,
      "rate": 0.0031073677324392835
    },
    "llm_b8a_h5": {
      "count": 117,
      "rate": 0.009567421702510426
    },
    "llm_b8a_h50": {
      "count": 11,
      "rate": 0.0008995011857061084
    },
    "llm_b8b_h20": {
      "count": 37,
      "rate": 0.003025594897375092
    },
    "llm_b8b_h5": {
      "count": 101,
      "rate": 0.00825905634148336
    },
    "llm_b8b_h50": {
      "count": 14,
      "rate": 0.0011448196908986834
    },
    "query_b2z": {
      "count": 3641,
      "rate": 0.29773489246872187
    },
    "query_b3_cross_encoder": {
      "count": 2056,
      "rate": 0.16812494889197807
    },
    "static_b7_bge": {
      "count": 310,
      "rate": 0.02534957886989942
    }
  },
  "delta": 0.21629900330121793,
  "gate_checks": {
    "bootstrap_ci_low_ge_2pct": true,
    "headroom_relative_ge_5pct": true,
    "no_single_channel_over_90pct": true,
    "split_halves_ge_2pct": true
  },
  "gate_status": "passed",
  "headroom_relative": 0.6544055774777061,
  "input_run_ids": {
    "full_b5_adapter": "20260708_kuaisearch_b5_dcn_din_style_hashed_dev_s20260709",
    "full_b6_adapter": "20260708_kuaisearch_b6_pps_classic_style_hashed_dev_s20260709",
    "history_b0b": "20260708_kuaisearch_b0b_recent_behavior_dev",
    "history_b4_adapter": "20260708_kuaisearch_b4_sasrec_style_hashed_prior_dev_s20260709",
    "llm_b8a_h20": "20260708_kuaisearch_b8a_qwen25_7b_h20_dev",
    "llm_b8a_h5": "20260708_kuaisearch_b8a_qwen25_7b_h5_dev",
    "llm_b8a_h50": "20260708_kuaisearch_b8a_qwen25_7b_h50_dev",
    "llm_b8b_h20": "20260708_kuaisearch_b8b_qwen25_7b_h20_dev",
    "llm_b8b_h5": "20260708_kuaisearch_b8b_qwen25_7b_h5_dev",
    "llm_b8b_h50": "20260708_kuaisearch_b8b_qwen25_7b_h50_dev",
    "query_b2z": "20260708_kuaisearch_b2z_bge_small_zh_dev",
    "query_b3_cross_encoder": "20260708_kuaisearch_b3_bge_reranker_base_zs_dev",
    "static_b7_bge": "20260708_kuaisearch_b7_bge_dev_a02"
  },
  "method_global_metrics": {
    "full_b5_adapter": 0.29306542696679033,
    "full_b6_adapter": 0.29326655196638596,
    "history_b0b": 0.3139167214574482,
    "history_b4_adapter": 0.28873724652019805,
    "llm_b8a_h20": 0.3301298694873151,
    "llm_b8a_h5": 0.3294047648789416,
    "llm_b8a_h50": 0.33021833053953226,
    "llm_b8b_h20": 0.3292831076112709,
    "llm_b8b_h5": 0.3293280039250813,
    "llm_b8b_h50": 0.3293488257090152,
    "query_b2z": 0.3056464293874881,
    "query_b3_cross_encoder": 0.30678075361244755,
    "static_b7_bge": 0.3305274446695661
  },
  "metric": "ndcg@10",
  "num_requests": 12229,
  "oracle_metric": 0.546826447970784,
  "run_id": "20260708_kuaisearch_m3_batch2_oracle_dev",
  "scope": "Batch 2 M3-style oracle over Batch 1 plus B3-B8 formal runs/adapters",
  "split_half": {
    "first": {
      "baseline_metric": 0.3276614027996151,
      "delta": 0.21737012640005993,
      "oracle_metric": 0.545031529199675,
      "relative_headroom": 0.6576462254665979,
      "requests": 6114
    },
    "second": {
      "baseline_metric": 0.33339301784910497,
      "delta": 0.21522805536559725,
      "oracle_metric": 0.5486210732147022,
      "relative_headroom": 0.6511654594394254,
      "requests": 6115
    }
  }
}
