{
  "analyses": {
    "instructrec_seed20260717": {
      "analysis_run_id": "instructrec_axisA_seed20260717_history_response",
      "candidate_manifest_sha256": "f535c43774c88387440df0f1dec3273c3a6401523973c2a37ad1d75f1e3a7d15",
      "label_mode": "graded",
      "null_run_id": "20260716_kuaisearch_axisA_instructrec_null_seed20260717",
      "num_requests": 2000,
      "overall_history_gain": {
        "active_response_rate": 0.8535,
        "mean_true_minus_null_ndcg_at_10": -0.0008385937692231273
      },
      "repeat_minus_no_overlap": {
        "bootstrap_ci95": [
          0.0034212903125764795,
          0.06705650875172965
        ],
        "bootstrap_samples": 5000,
        "left": {
          "group": "target_repeat",
          "mean": 0.03257585057870778,
          "num_requests": 121
        },
        "num_clusters": 667,
        "point_estimate": 0.034822944188985475,
        "right": {
          "group": "target_nonrepeat_no_candidate_overlap",
          "mean": -0.0022470936102776946,
          "num_requests": 582
        },
        "valid_bootstrap_samples": 5000
      },
      "shared_evaluator_target_surface_counts": {
        "all": 2000,
        "candidate_overlap": 456,
        "history_present": 1783,
        "no_candidate_overlap_history_present": 1327,
        "no_history": 217,
        "no_observed_positive": 1013,
        "observed_positive": 987,
        "target_nonrepeat_no_candidate_overlap": 582,
        "target_nonrepeat_no_history": 137,
        "target_nonrepeat_other_candidate_overlap": 147,
        "target_repeat": 121
      },
      "split": "confirmation",
      "surfaces": {
        "all": {
          "ci95_query_cluster": [
            -0.004703123603676332,
            0.003112151784478124
          ],
          "mean": -0.0008385937692231273,
          "num_requests": 2000
        },
        "target_nonrepeat_no_candidate_overlap": {
          "ci95_query_cluster": [
            -0.0122594934438501,
            0.007875076963645105
          ],
          "mean": -0.0022470936102776946,
          "num_requests": 582
        },
        "target_nonrepeat_no_history": {
          "ci95_query_cluster": [
            0.0,
            0.0
          ],
          "mean": 0.0,
          "num_requests": 137
        },
        "target_nonrepeat_other_candidate_overlap": {
          "ci95_query_cluster": [
            -0.05614105272727482,
            -0.00406776473635982
          ],
          "mean": -0.029326918212845426,
          "num_requests": 147
        },
        "target_repeat": {
          "ci95_query_cluster": [
            0.003366995715091169,
            0.06450106736265106
          ],
          "mean": 0.03257585057870778,
          "num_requests": 121
        }
      },
      "task_capability": {
        "true_ndcg_at_10_all": 0.17613035061604765,
        "true_ndcg_at_10_positive": 0.3569004065168139
      },
      "true_run_id": "20260716_kuaisearch_axisA_instructrec_true_seed20260717",
      "wrong_run_id": "20260716_kuaisearch_axisA_instructrec_wrong_seed20260717"
    },
    "instructrec_seed20260718": {
      "analysis_run_id": "instructrec_axisA_seed20260718_history_response",
      "candidate_manifest_sha256": "f535c43774c88387440df0f1dec3273c3a6401523973c2a37ad1d75f1e3a7d15",
      "label_mode": "graded",
      "null_run_id": "20260716_kuaisearch_axisA_instructrec_null_seed20260718",
      "num_requests": 2000,
      "overall_history_gain": {
        "active_response_rate": 0.852,
        "mean_true_minus_null_ndcg_at_10": 0.0012640950890761245
      },
      "repeat_minus_no_overlap": {
        "bootstrap_ci95": [
          0.020758073739624863,
          0.0747984621528575
        ],
        "bootstrap_samples": 5000,
        "left": {
          "group": "target_repeat",
          "mean": 0.042065562669836215,
          "num_requests": 121
        },
        "num_clusters": 667,
        "point_estimate": 0.04732917647895586,
        "right": {
          "group": "target_nonrepeat_no_candidate_overlap",
          "mean": -0.0052636138091196475,
          "num_requests": 582
        },
        "valid_bootstrap_samples": 5000
      },
      "shared_evaluator_target_surface_counts": {
        "all": 2000,
        "candidate_overlap": 456,
        "history_present": 1783,
        "no_candidate_overlap_history_present": 1327,
        "no_history": 217,
        "no_observed_positive": 1013,
        "observed_positive": 987,
        "target_nonrepeat_no_candidate_overlap": 582,
        "target_nonrepeat_no_history": 137,
        "target_nonrepeat_other_candidate_overlap": 147,
        "target_repeat": 121
      },
      "split": "confirmation",
      "surfaces": {
        "all": {
          "ci95_query_cluster": [
            -0.0026049910904316314,
            0.005231573962313684
          ],
          "mean": 0.0012640950890761245,
          "num_requests": 2000
        },
        "target_nonrepeat_no_candidate_overlap": {
          "ci95_query_cluster": [
            -0.01515360733845989,
            0.004294259475656775
          ],
          "mean": -0.0052636138091196475,
          "num_requests": 582
        },
        "target_nonrepeat_no_history": {
          "ci95_query_cluster": [
            0.0,
            0.0
          ],
          "mean": 0.0,
          "num_requests": 137
        },
        "target_nonrepeat_other_candidate_overlap": {
          "ci95_query_cluster": [
            -0.02307513694117921,
            0.03138632127985355
          ],
          "mean": 0.003412791374215656,
          "num_requests": 147
        },
        "target_repeat": {
          "ci95_query_cluster": [
            0.01644071185945831,
            0.06740001537327765
          ],
          "mean": 0.042065562669836215,
          "num_requests": 121
        }
      },
      "task_capability": {
        "true_ndcg_at_10_all": 0.17877455164125516,
        "true_ndcg_at_10_positive": 0.36225846330548156
      },
      "true_run_id": "20260716_kuaisearch_axisA_instructrec_true_seed20260718",
      "wrong_run_id": "20260716_kuaisearch_axisA_instructrec_wrong_seed20260718"
    },
    "tem_seed20260717": {
      "analysis_run_id": "tem_axisA_seed20260717_history_response",
      "candidate_manifest_sha256": "f535c43774c88387440df0f1dec3273c3a6401523973c2a37ad1d75f1e3a7d15",
      "label_mode": "graded",
      "null_run_id": "20260716_kuaisearch_axisA_tem_null_seed20260717",
      "num_requests": 2000,
      "overall_history_gain": {
        "active_response_rate": 0.89,
        "mean_true_minus_null_ndcg_at_10": 0.005163473707315167
      },
      "repeat_minus_no_overlap": {
        "bootstrap_ci95": [
          -0.057759728547390365,
          0.02661144030652812
        ],
        "bootstrap_samples": 5000,
        "left": {
          "group": "target_repeat",
          "mean": 0.00026649087568450606,
          "num_requests": 121
        },
        "num_clusters": 667,
        "point_estimate": -0.015943462307260143,
        "right": {
          "group": "target_nonrepeat_no_candidate_overlap",
          "mean": 0.016209953182944648,
          "num_requests": 582
        },
        "valid_bootstrap_samples": 5000
      },
      "shared_evaluator_target_surface_counts": {
        "all": 2000,
        "candidate_overlap": 456,
        "history_present": 1783,
        "no_candidate_overlap_history_present": 1327,
        "no_history": 217,
        "no_observed_positive": 1013,
        "observed_positive": 987,
        "target_nonrepeat_no_candidate_overlap": 582,
        "target_nonrepeat_no_history": 137,
        "target_nonrepeat_other_candidate_overlap": 147,
        "target_repeat": 121
      },
      "split": "confirmation",
      "surfaces": {
        "all": {
          "ci95_query_cluster": [
            -0.0011741086266384615,
            0.011574977040125603
          ],
          "mean": 0.005163473707315167,
          "num_requests": 2000
        },