{
  "best_global_method": "static_b7_bge",
  "best_global_metric": 0.3305274446695661,
  "bootstrap": {
    "ci95": [
      0.08975908026354087,
      0.09561456120931223
    ],
    "ci95_relative": [
      0.2715631688414696,
      0.28927873540092786
    ],
    "samples": 10000,
    "seed": 20260708
  },
  "choice_distribution": {
    "history_b0b": {
      "count": 4287,
      "rate": 0.3505601439201897
    },
    "query_b2z": {
      "count": 7414,
      "rate": 0.6062637991659171
    },
    "static_b7_bge": {
      "count": 528,
      "rate": 0.0431760569138932
    }
  },
  "delta": 0.09262536213246128,
  "gate_checks": {
    "bootstrap_ci_low_ge_2pct": true,
    "headroom_relative_ge_5pct": true,
    "no_single_channel_over_90pct": true,
    "split_halves_ge_2pct": true
  },
  "gate_status": "passed",
  "headroom_relative": 0.2802350111200613,
  "input_run_ids": {
    "history_b0b": "20260708_kuaisearch_b0b_recent_behavior_dev",
    "query_b2z": "20260708_kuaisearch_b2z_bge_small_zh_dev",
    "static_b7_bge": "20260708_kuaisearch_b7_bge_dev_a02"
  },
  "method_global_metrics": {
    "history_b0b": 0.3139167214574482,
    "query_b2z": 0.3056464293874881,
    "static_b7_bge": 0.3305274446695661
  },
  "metric": "ndcg@10",
  "num_requests": 12229,
  "oracle_metric": 0.4231528068020273,
  "run_id": "20260708_kuaisearch_m3_oracle_dev",
  "split_half": {
    "first": {
      "baseline_metric": 0.3276614027996151,
      "delta": 0.0930822060100191,
      "oracle_metric": 0.4207436088096342,
      "relative_headroom": 0.281617177366542,
      "requests": 6114
    },
    "second": {
      "baseline_metric": 0.33339301784910497,
      "delta": 0.09216859296363239,
      "oracle_metric": 0.42556161081273736,
      "relative_headroom": 0.2788530709024024,
      "requests": 6115
    }
  }
}
