{
  "analysis_id": "d2_and_d2h_motivation_controls_v1",
  "calibration_integrity": {
    "d2_alpha_correction": "full-train internal-leak result invalidated; internal-train counts selected alpha 0.6",
    "d2h_alpha": 0.1,
    "d2h_alpha_report": "reports/pps_d2h_train_only_calibration.json"
  },
  "candidate_manifest_sha256": "94eb667000e0d0f389d0a2a4d4730683b71c129043edbfcf627590376e9c123e",
  "comparisons_seed20260708": {
    "d2h_vs_b0b": {
      "ci95": [
        0.016781125213777708,
        0.02554090412380089
      ],
      "delta": 0.021234198291728113,
      "metric": "ndcg@10",
      "num_requests": 12229,
      "samples": 10000,
      "seed": 20260708,
      "significant_a_gt_b": true
    },
    "d2h_vs_b7": {
      "ci95": [
        0.001216824251955253,
        0.008011424772771237
      ],
      "delta": 0.0046234750796102855,
      "metric": "ndcg@10",
      "num_requests": 12229,
      "samples": 10000,
      "seed": 20260708,
      "significant_a_gt_b": true
    },
    "d2h_vs_d2p": {
      "ci95": [
        0.00724945939027303,
        0.015480671980427302
      ],
      "delta": 0.01133508300938867,
      "metric": "ndcg@10",
      "num_requests": 12229,
      "samples": 10000,
      "seed": 20260708,
      "significant_a_gt_b": true
    },
    "d2h_vs_d2t": {
      "ci95": [
        0.017865338741445764,
        0.024527072149441543
      ],
      "delta": 0.021173003701161073,
      "metric": "ndcg@10",
      "num_requests": 12229,
      "samples": 10000,
      "seed": 20260708,
      "significant_a_gt_b": true
    },
    "d2p_vs_b0b": {
      "ci95": [
        0.0042642924993827,
        0.01557483994651155
      ],
      "delta": 0.009899115282339442,
      "metric": "ndcg@10",
      "num_requests": 12229,
      "samples": 10000,
      "seed": 20260708,
      "significant_a_gt_b": true
    },
    "d2p_vs_b7": {
      "ci95": [
        -0.011685993866417076,
        -0.0017418379847024676
      ],
      "delta": -0.006711607929778384,
      "metric": "ndcg@10",
      "num_requests": 12229,
      "samples": 10000,
      "seed": 20260708,
      "significant_a_gt_b": false
    },
    "d2p_vs_d1q": {
      "ci95": [
        0.006174956012583013,
        0.01233631957309662
      ],
      "delta": 0.009232381631562408,
      "metric": "ndcg@10",
      "num_requests": 12229,
      "samples": 10000,
      "seed": 20260708,
      "significant_a_gt_b": true
    },
    "d2p_vs_d2t": {
      "ci95": [
        0.006776256512837477,
        0.01290985505759677
      ],
      "delta": 0.009837920691772403,
      "metric": "ndcg@10",
      "num_requests": 12229,
      "samples": 10000,
      "seed": 20260708,
      "significant_a_gt_b": true
    },
    "d2t_vs_b2z": {
      "ci95": [
        0.004408916310334004,
        0.012280447484758887
      ],
      "delta": 0.008331486660527144,
      "metric": "ndcg@10",
      "num_requests": 12229,
      "samples": 10000,
      "seed": 20260708,
      "significant_a_gt_b": true
    },
    "d2t_vs_d1q": {
      "ci95": [
        -0.005147357102558165,
        0.003931258825816038
      ],
      "delta": -0.0006055390602099953,
      "metric": "ndcg@10",
      "num_requests": 12229,
      "samples": 10000,
      "seed": 20260708,
      "significant_a_gt_b": false
    }
  },
  "decision": {
    "baseline_to_beat": "D2h",
    "baseline_to_beat_mean_ndcg@10": 0.3352134625257407,
    "d2h_replaces_b7": true,
    "fine_tuned_text_exceeds_d1q": false,
    "fine_tuned_text_exceeds_zero_shot": true,
    "interpretation": "Fine-tuning strengthens query text but does not beat D1q. A legal text/popularity mix is strong yet remains below B7. Reissuing the static history mix with D2t yields D2h, which significantly beats B7 and becomes the design waterline. Its large true-versus-wrong gap confirms that the gain depends on target-user history, while D1 shows that simple learned mean/attention residuals do not recover it stably.",
    "nonpersonalized_d2p_reaches_b7": false
  },
  "dev_evaluations": 12,
  "identity_control": {
    "history_present": {
      "20260708": {
        "ci95": [
          0.033453349743313564,
          0.04399127982470648
        ],
        "delta": 0.03869471780813394,
        "metric": "ndcg@10",
        "num_requests": 8119,
        "request_ids_path": "artifacts/analysis/c3_history_identity_controls/history_present_request_ids.txt",
        "samples": 10000,
        "seed": 20260708,
        "significant_a_gt_b": true
      },
      "20260709": {
        "ci95": [
          0.03557906755690407,
          0.04596497123888902
        ],
        "delta": 0.040809981926457406,
        "metric": "ndcg@10",
        "num_requests": 8119,
        "request_ids_path": "artifacts/analysis/c3_history_identity_controls/history_present_request_ids.txt",
        "samples": 10000,
        "seed": 20260708,
        "significant_a_gt_b": true
      },
      "20260710": {
        "ci95": [
          0.03390716445445684,
          0.044443861461736706
        ],
        "delta": 0.039163062100851936,
        "metric": "ndcg@10",
        "num_requests": 8119,
        "request_ids_path": "artifacts/analysis/c3_history_identity_controls/history_present_request_ids.txt",
        "samples": 10000,
        "seed": 20260708,
        "significant_a_gt_b": true
      }
    },
    "history_present_mean_delta": 0.03955592061181443,
    "same_query": {
      "20260708": {
        "ci95": [
          0.020649408122391043,
          0.03720056937149106
        ],
        "delta": 0.028904473986719068,
        "metric": "ndcg@10",
        "num_requests": 2709,
        "request_ids_path": "artifacts/analysis/c3_history_identity_controls/same_query_all_seeds_request_ids.txt",
        "samples": 10000,
        "seed": 20260708,
        "significant_a_gt_b": true
      },
      "20260709": {
        "ci95": [
          0.025505039794774326,
          0.04166471156022051
        ],
        "delta": 0.03356585167386318,
        "metric": "ndcg@10",
        "num_requests": 2709,
        "request_ids_path": "artifacts/analysis/c3_history_identity_controls/same_query_all_seeds_request_ids.txt",
        "samples": 10000,
        "seed": 20260708,
        "significant_a_gt_b": true
      },
      "20260710": {
        "ci95": [
          0.023628843052539407,
          0.04030050905842508
        ],
        "delta": 0.031931183955757135,
        "metric": "ndcg@10",
        "num_requests": 2709,
        "request_ids_path": "artifacts/analysis/c3_history_identity_controls/same_query_all_seeds_request_ids.txt",
        "samples": 10000,
        "seed": 20260708,
        "significant_a_gt_b": true
      }
    },
    "same_query_mean_delta": 0.03146716987211313
  },
  "no_history_metric_equivalence": {
    "20260708": {
      "metric_mismatches": {
        "mrr": 0,
        "ndcg@10": 0,
        "recall@10": 0
      },
      "request_count": 4110,
      "status": "passed"
    },
    "20260709": {
      "metric_mismatches": {
        "mrr": 0,
        "ndcg@10": 0,
        "recall@10": 0
      },
      "request_count": 4110,
      "status": "passed"
    },
    "20260710": {
      "metric_mismatches": {
        "mrr": 0,
        "ndcg@10": 0,
        "recall@10": 0
      },
      "request_count": 4110,
      "status": "passed"
    }
  },
  "qrels_read_by_training_or_scoring": false,
  "test_read": false,
  "variants": {
    "d2h": {
      "mean_ndcg@10": 0.3352134625257407,
      "sample_std_ndcg@10": 0.0005067871513971859,
      "seeds": [
        {
          "mrr": 0.3185992598894198,
          "ndcg@10": 0.3351509197491763,
          "recall@10": 0.5474005009786058,
          "run_id": "20260710_kuaisearch_d2h_static_true_history_dev_s20260708",
          "seed": 20260708
        },
        {
          "mrr": 0.31924534539689065,
          "ndcg@10": 0.33574861834288133,
          "recall@10": 0.5485874001700721,
          "run_id": "20260710_kuaisearch_d2h_static_true_history_dev_s20260709",