{
  "mrr": 0.3092731777749881,
  "ndcg@10": 0.3246329735219808,
  "num_requests": 2000,
  "purchase_coverage": 0.126,
  "purchase_ndcg@10": 0.3255927309892986,
  "purchase_num_requests": 252,
  "recall@10": 0.5351270873326021,
  "request_ids_path": "reports/b8_dev_subset_request_ids_seed20260708.txt",
  "request_ids_sha256": "a700e1b4e507e1b3375d3df17f6547a07c6f2711ba9703a8a7541fb74eb8f02f",
  "run_id": "20260708_kuaisearch_b8b_qwen25_7b_h5_dev"
}
