{
  "mrr": 0.3095039171508513,
  "ndcg@10": 0.3243584550111868,
  "num_requests": 2000,
  "purchase_coverage": 0.126,
  "purchase_ndcg@10": 0.3335224264814279,
  "purchase_num_requests": 252,
  "recall@10": 0.5349937711389917,
  "request_ids_path": "reports/b8_dev_subset_request_ids_seed20260708.txt",
  "request_ids_sha256": "a700e1b4e507e1b3375d3df17f6547a07c6f2711ba9703a8a7541fb74eb8f02f",
  "run_id": "20260708_kuaisearch_b8b_qwen25_7b_h20_dev"
}
