{
  "mrr": 0.3102642129438096,
  "ndcg@10": 0.3247602883198445,
  "num_requests": 2000,
  "purchase_coverage": 0.126,
  "purchase_ndcg@10": 0.32746809971169405,
  "purchase_num_requests": 252,
  "recall@10": 0.534591405449126,
  "request_ids_path": "reports/b8_dev_subset_request_ids_seed20260708.txt",
  "request_ids_sha256": "a700e1b4e507e1b3375d3df17f6547a07c6f2711ba9703a8a7541fb74eb8f02f",
  "run_id": "20260708_kuaisearch_b8b_qwen25_7b_h50_dev"
}
