{
  "mrr": 0.3129210182751312,
  "ndcg@10": 0.3319669539541327,
  "num_requests": 2000,
  "purchase_coverage": 0.126,
  "purchase_ndcg@10": 0.3221738690702059,
  "purchase_num_requests": 252,
  "recall@10": 0.5420557954300601,
  "request_ids_path": "reports/b8_dev_subset_request_ids_seed20260708.txt",
  "request_ids_sha256": "a700e1b4e507e1b3375d3df17f6547a07c6f2711ba9703a8a7541fb74eb8f02f",
  "run_id": "20260708_kuaisearch_b7_bge_dev_a02"
}
